Price,Close,High,Low,Open
01-01-2019,15.32999992,16.39999962,15.14999962,16
02-01-2019,16.38999939,16.95000076,14.84000015,15.32999992
03-01-2019,16.79000092,17.14999962,15.43999958,16.38999939
04-01-2019,16.15999985,16.96999931,15.48999977,16.79000092
07-01-2019,16.29999924,16.45000076,15.30000019,16.15999985
08-01-2019,15.69999981,16.56999969,14.73999977,16.29999924
09-01-2019,15.27000046,16.31999969,13.89999962,15.69999981
10-01-2019,15.35000038,15.60999966,14.14999962,15.27000046
11-01-2019,15.35000038,15.82999992,14.35999966,15.35000038
14-01-2019,16.15999985,16.54999924,15.35000038,15.35000038
15-01-2019,15.57999992,16.15999985,12.98999977,16.15999985
16-01-2019,16.07999992,16.30999947,12.80000019,15.57999992
17-01-2019,16.23999977,16.43000031,12.98999977,16.07999992
18-01-2019,16.62000084,16.90999985,12.31000042,16.23999977
21-01-2019,18.14999962,18.34000015,14.35999966,16.62000084
22-01-2019,17.98999977,18.46999931,15.51000023,18.14999962
23-01-2019,18.09000015,18.29000092,12.02000046,17.98999977
24-01-2019,17.43000031,18.37999916,14.53999996,18.09000015
25-01-2019,17.69000053,18.13999939,14.36999989,17.43000031
28-01-2019,18.89999962,19.28000069,14.59000015,17.69000053
29-01-2019,18.43000031,19.79999924,18.04000092,18.89999962
30-01-2019,17.85000038,18.43000031,15.97999954,18.43000031
31-01-2019,17.12000084,17.85000038,16.45000076,17.85000038
01-02-2019,15.72000027,17.18000031,15.55000019,17.12000084
04-02-2019,15.72000027,16.45000076,14.97000027,15.72000027
05-02-2019,15.77999973,15.97999954,14.60999966,15.72000027
06-02-2019,15.63000011,15.97000027,12.82999992,15.77999973
07-02-2019,15.43999958,16.21999931,13.60000038,15.63000011
08-02-2019,15.56999969,15.81999969,12.97000027,15.43999958
11-02-2019,15.84000015,16.36000061,13.46000004,15.56999969
12-02-2019,15.75,15.97999954,13.22999954,15.84000015
14-02-2019,15.77000046,16.57999992,12.09000015,15.72999954
15-02-2019,16.45999908,17.54000092,12.44999981,15.77000046
18-02-2019,18,18.19000053,11.85000038,16.45999908
19-02-2019,18.46999931,18.61000061,15.26000023,18
20-02-2019,17.05999947,18.46999931,15.23999977,18.46999931
21-02-2019,16.04999924,17.17000008,12.13000011,17.05999947
22-02-2019,15.44999981,16.04999924,12.31999969,16.04999924
25-02-2019,15.35999966,16.04000092,11.69999981,15.44999981
26-02-2019,17.11000061,18.10000038,13.11999989,15.35999966
27-02-2019,18.89999962,19.97999954,14.13000011,17.11000061
28-02-2019,18.28000069,18.89999962,17.06999969,18.89999962
01-03-2019,16.27000046,18.28000069,15.89999962,18.28000069
05-03-2019,15.65999985,16.86000061,15.44999981,16.27000046
06-03-2019,15.60999966,15.73999977,14.28999996,15.65999985
07-03-2019,15.28999996,15.68999958,14.31000042,15.60999966
08-03-2019,14.93999958,15.40999985,12.92000008,15.28999996
11-03-2019,14.89999962,15.38000011,13.67000008,14.93999958
12-03-2019,15.10000038,15.19999981,13.84000015,14.89999962
13-03-2019,15.27999973,15.60000038,12.30000019,15.10000038
14-03-2019,15.14999962,15.52000046,13.76000023,15.27999973
15-03-2019,15.86999989,16.38999939,11.85000038,15.14999962
18-03-2019,16.89999962,17.19000053,14.27000046,15.86999989
19-03-2019,16.48999977,17.18000031,14.55000019,16.89999962
20-03-2019,16.03000069,16.48999977,14.48999977,16.48999977
22-03-2019,16.27000046,16.80999947,12.68000031,16.03000069
25-03-2019,16.67000008,17.03000069,14.26000023,16.27000046
26-03-2019,16.48999977,16.67000008,15.52000046,16.67000008
27-03-2019,17.04999924,17.42000008,14.55000019,16.48999977
28-03-2019,16.64999962,17.32999992,15.75,17.04999924
01-04-2019,18.01000023,18.21999931,17.18000031,17.18000031
02-04-2019,18.07999992,18.54999924,17.44000053,18.01000023
03-04-2019,18.78000069,18.87999916,17.29000092,18.07999992
04-04-2019,18.64999962,19.32999992,18.25,18.78000069
05-04-2019,18.38999939,19.07999992,16.76000023,18.64999962
08-04-2019,20.14999962,20.45999908,18.38999939,18.38999939
09-04-2019,20.28000069,20.65999985,16.54999924,20.14999962
10-04-2019,21.12999916,21.28000069,18.70000076,20.28000069
11-04-2019,20.95999908,21.34000015,19.40999985,21.12999916
12-04-2019,21,21.29999924,18.68000031,20.95999908
15-04-2019,21.38999939,22.23999977,18.76000023,21
16-04-2019,21.69000053,21.88999939,19.67000008,21.38999939
18-04-2019,22.73999977,23.04999924,18.5,21.69000053
22-04-2019,24.04999924,24.55999947,20.40999985,22.73999977
23-04-2019,24.64999962,26.31999969,22.78000069,24.04999924
24-04-2019,23.70999908,25.12999916,23.45000076,24.64999962
25-04-2019,23.22999954,25.54000092,22.72999954,23.70999908
26-04-2019,21.71999931,23.95999908,21.43000031,23.22999954
30-04-2019,21.82999992,22.78000069,20.76000023,21.71999931
02-05-2019,22.97999954,23.27000046,21.77000046,21.82999992
03-05-2019,24.03000069,24.14999962,21.10000038,22.97999954
06-05-2019,26.43000031,27.84000015,19.73999977,24.03000069
07-05-2019,26.47999954,26.80999947,23.09000015,26.43000031
08-05-2019,26.37000084,27.03000069,23.25,26.47999954
09-05-2019,25.48999977,26.5,23.48999977,26.37000084
10-05-2019,26.34000015,26.53000069,24.54000092,25.48999977
13-05-2019,27.37999916,28.05999947,23.70999908,26.34000015
14-05-2019,27.12999916,27.76000023,22.38999939,27.37999916
15-05-2019,28.65999985,29.07999992,23.18000031,27.12999916
16-05-2019,28.37000084,29.32999992,23.78000069,28.65999985
17-05-2019,28.07999992,29.22999954,25.5,28.37000084
20-05-2019,23.68000031,28.07999992,19.76000023,28.07999992
21-05-2019,25.64999962,28.10000038,20.23999977,23.68000031
22-05-2019,27.62999916,30.18000031,19.04000092,25.64999962
23-05-2019,19.40999985,27.62999916,18.95999908,27.62999916
24-05-2019,16.46999931,19.40999985,14.48999977,19.40999985
27-05-2019,16.19000053,17.34000015,13.47999954,16.46999931
28-05-2019,15.92000008,16.54000092,15.38000011,16.19000053
29-05-2019,16.40999985,16.51000023,14.47999954,15.92000008
30-05-2019,15.60999966,16.40999985,14.85000038,16.40999985
31-05-2019,16.06999969,16.79000092,14.18999958,15.60999966
03-06-2019,15.97000027,16.22999954,14.07999992,16.06999969
04-06-2019,15.63000011,15.97000027,14.67000008,15.97000027
06-06-2019,15.52999973,15.93000031,13.97999954,15.63000011
07-06-2019,14.85999966,15.72999954,13.63000011,15.52999973
10-06-2019,14.97999954,15.44999981,13.44999981,14.85999966
11-06-2019,14.48999977,14.97999954,13.47999954,14.97999954
12-06-2019,14.11999989,14.71000004,13.31000042,14.48999977
13-06-2019,13.65999985,14.28999996,13.27999973,14.11999989
14-06-2019,13.89999962,14.11999989,12.64000034,13.65999985
17-06-2019,14.64999962,14.96000004,13.52000046,13.89999962
18-06-2019,14.60000038,14.97000027,11.73999977,14.64999962
19-06-2019,14.72999954,15.30000019,10.78999996,14.60000038
20-06-2019,14,15.18999958,12.84000015,14.72999954
21-06-2019,14.60999966,14.82999992,10.60000038,14
24-06-2019,15.22000027,15.67000008,11.85999966,14.60999966
25-06-2019,15.01000023,15.59000015,14.93000031,15.22000027
26-06-2019,14.75,15.19999981,14.39000034,15.01000023
27-06-2019,14.64999962,14.89000034,13.64999962,14.75
28-06-2019,14.94999981,15.06999969,14,14.64999962
01-07-2019,14.60000038,15.02000046,14.47000027,14.94999981
02-07-2019,14.25,14.82999992,14.02999973,14.60000038
03-07-2019,13.69999981,14.31999969,13.52000046,14.25
04-07-2019,13.52999973,13.69999981,13.01000023,13.69999981
05-07-2019,13.06999969,13.97000027,12.67000008,13.52999973
08-07-2019,13.85000038,14.03999996,12.10999966,13.06999969
09-07-2019,13.68999958,14.22000027,13.35000038,13.85000038
10-07-2019,13.64000034,13.96000004,12.39999962,13.68999958
11-07-2019,12.47000027,13.64000034,12.18000031,13.64000034
12-07-2019,12,12.55000019,11.55000019,12.47000027
15-07-2019,12.02000046,12.52000046,10.64000034,12
16-07-2019,11.56000042,12.02000046,11.06000042,12.02000046
17-07-2019,11.80000019,11.90999985,9.159999847,11.56000042
18-07-2019,11.75,11.97999954,9.220000267,11.80000019
19-07-2019,12.52000046,12.68000031,10.59000015,11.75
22-07-2019,13.01000023,13.39999962,11.56000042,12.52000046
23-07-2019,13.43000031,13.77999973,11.59000015,13.01000023
24-07-2019,12.76000023,14.47999954,11.85000038,13.43000031
25-07-2019,12.64000034,13.55000019,12,12.76000023
26-07-2019,12.13000011,13.31000042,11.92000008,12.64000034
29-07-2019,13.06000042,13.52999973,12.03999996,12.13000011
30-07-2019,13.60999966,13.86999989,12.5,13.06000042
31-07-2019,13.59000015,14.55000019,13.42000008,13.60999966
01-08-2019,14.56000042,15.27999973,13.27000046,13.59000015
02-08-2019,15.18999958,16.15999985,14.43999958,14.56000042
05-08-2019,16.59000015,17.81999969,15.18999958,15.18999958
06-08-2019,16.12000084,16.79000092,15.59000015,16.59000015
07-08-2019,16.73999977,16.90999985,15.73999977,16.12000084
08-08-2019,16.09000015,16.73999977,15.52000046,16.73999977
09-08-2019,15.85000038,16.15999985,15.02999973,16.09000015
13-08-2019,17.78000069,18.01000023,15.11999989,15.85000038
14-08-2019,16.36000061,17.78000069,16.11000061,17.78000069
16-08-2019,16.64999962,17.43000031,15.98999977,16.36000061
19-08-2019,16.75,17.02000046,14.71000004,16.64999962
20-08-2019,16.62999916,17.10000038,15.10999966,16.75
21-08-2019,17.02000046,17.32999992,14,16.62999916
22-08-2019,17.85000038,18.12000084,14.48999977,17.02000046
23-08-2019,17.35000038,18.26000023,13.69999981,17.85000038
26-08-2019,16.65999985,19.14999962,13.69999981,17.35000038
27-08-2019,16.01000023,16.82999992,14.42000008,16.65999985
28-08-2019,16.84000015,17.37999916,14.11999989,16.01000023
29-08-2019,16.43000031,17.45000076,13.86999989,16.84000015
30-08-2019,16.28000069,17.37999916,15.18999958,16.43000031
03-09-2019,18.05999947,18.27000046,16.28000069,16.28000069
04-09-2019,17.23999977,18.30999947,17.12999916,18.05999947
05-09-2019,17.27000046,17.70000076,16.05999947,17.23999977
06-09-2019,16.27000046,17.27000046,15.89000034,17.27000046
09-09-2019,15.85000038,16.63999939,13.67000008,16.27000046
11-09-2019,15.36999989,15.85000038,14.64999962,15.85000038
12-09-2019,14.89999962,15.36999989,14.60999966,15.36999989
13-09-2019,14.11999989,15.19999981,13.89000034,14.89999962
16-09-2019,14.94999981,15.31000042,14.11999989,14.11999989
17-09-2019,16.02000046,16.30999947,13.27999973,14.94999981
18-09-2019,15.35000038,16.19000053,13.90999985,16.02000046
19-09-2019,15.55000019,15.97000027,14.18000031,15.35000038
20-09-2019,15.39999962,17.04999924,13.82999992,15.55000019
23-09-2019,16.79000092,17.63999939,14.21000004,15.39999962
24-09-2019,16.72999954,18.53000069,15.89999962,16.79000092
25-09-2019,16.17000008,17.42000008,14.10000038,16.72999954
26-09-2019,16.34000015,17.01000023,13.64000034,16.17000008
27-09-2019,16.11000061,16.81999969,15.93000031,16.34000015
30-09-2019,15.86999989,16.51000023,15.80000019,16.11000061
01-10-2019,16.76000023,18.21999931,14.94999981,15.86999989
03-10-2019,17.70000076,18.04999924,16.42000008,16.76000023
04-10-2019,17.57999992,17.95000076,16.35000038,17.70000076
07-10-2019,17.82999992,18.43000031,16.98999977,17.57999992
09-10-2019,17.15999985,18.32999992,16.34000015,17.82999992
10-10-2019,17.22999954,17.54000092,15.72999954,17.15999985
11-10-2019,17.13999939,18.28000069,15.77999973,17.22999954
14-10-2019,17.43000031,17.95999908,17.05999947,17.13999939
15-10-2019,16.85000038,17.43000031,16.69000053,17.43000031
16-10-2019,16.36000061,16.95000076,15.5,16.85000038
17-10-2019,15.88000011,16.36000061,15.52000046,16.36000061
18-10-2019,15.93000031,16.14999962,14.98999977,15.88000011
22-10-2019,16.80999947,17.12000084,13.56999969,15.93000031
23-10-2019,16.54000092,16.85000038,14.82999992,16.80999947
24-10-2019,16.23999977,16.78000069,14.71000004,16.54000092
25-10-2019,15.31999969,16.23999977,15.19999981,16.23999977
29-10-2019,16.42000008,16.54999924,15.5,15.59000015
30-10-2019,16.65999985,16.85000038,16.25,16.42000008
31-10-2019,16.28000069,16.79999924,15.5,16.65999985
01-11-2019,15.72999954,16.46999931,15.17000008,16.28000069
04-11-2019,15.93000031,16.36000061,13.5,15.72999954
05-11-2019,15.92000008,16.34000015,13.51000023,15.93000031
06-11-2019,15.77999973,16.14999962,13.38000011,15.92000008
07-11-2019,15.21000004,15.92000008,13.52999973,15.77999973
08-11-2019,15.85999966,15.98999977,13.71000004,15.21000004
11-11-2019,16.25,16.77000046,15.19999981,15.85999966
13-11-2019,16.45999908,16.67000008,14.47000027,16.25
14-11-2019,15.64999962,16.45999908,14.09000015,16.45999908
15-11-2019,15.02999973,15.64999962,12.52000046,15.64999962
18-11-2019,15.76000023,16.06999969,12.67000008,15.02999973
19-11-2019,15.40999985,15.76000023,12.60999966,15.76000023
20-11-2019,15.15999985,15.40999985,11.60999966,15.40999985
21-11-2019,14.97999954,15.60000038,12.60999966,15.15999985
22-11-2019,14.86999989,15.88000011,12.23999977,14.97999954
25-11-2019,15,15.21000004,13,14.86999989
26-11-2019,14.84000015,15.13000011,13.10999966,15
27-11-2019,14.61999989,14.84000015,12.35999966,14.84000015
28-11-2019,13.98999977,14.61999989,12.89000034,14.61999989
29-11-2019,13.89999962,14.28999996,13.14000034,13.98999977
02-12-2019,14.19999981,15.85000038,13.5,13.89999962
03-12-2019,14.56000042,16.34000015,12.06999969,14.19999981
04-12-2019,13.31999969,15.86999989,12.26000023,14.56000042
05-12-2019,14.31000042,15.11999989,12.82999992,13.31999969
06-12-2019,13.64000034,14.72000027,11.40999985,14.31000042
09-12-2019,14.60000038,15.35999966,12.47000027,13.64000034
10-12-2019,14.28999996,15.65999985,11.73999977,14.60000038
11-12-2019,13.38000011,14.44999981,11.71000004,14.28999996
12-12-2019,13.35000038,13.77000046,11.82999992,13.38000011
13-12-2019,13.30000019,14.67000008,12.18999958,13.35000038
16-12-2019,13.42000008,14.10999966,12.5,13.30000019
17-12-2019,12.52000046,13.43000031,11.96000004,13.42000008
18-12-2019,12.34000015,12.72000027,11.39000034,12.52000046
19-12-2019,12.11999989,12.42000008,11.32999992,12.34000015
20-12-2019,12.32999992,12.72999954,11.89999962,12.11999989
23-12-2019,11.96000004,14.51000023,10.69999981,12.32999992
24-12-2019,11.63000011,13.31000042,10.89000034,11.96000004
26-12-2019,11.11999989,12.35000038,10.84000015,11.63000011
27-12-2019,10.52999973,11.47000027,10.43000031,11.11999989
30-12-2019,11.01000023,11.44999981,9.619999886,10.52999973
31-12-2019,11.67000008,11.78999996,10.43999958,11.01000023
02-01-2020,11.48999977,11.69999981,10.72999954,11.60000038
03-01-2020,12.69999981,12.93999958,10.68999958,11.48999977
06-01-2020,14.77999973,15.10000038,12.69999981,12.69999981
07-01-2020,14.60999966,14.90999985,14.46000004,14.77999973
08-01-2020,15.64000034,16.38999939,13.78999996,14.60999966
09-01-2020,14,15.64000034,13,15.64000034
10-01-2020,14.07999992,14.25,13.18000031,14
13-01-2020,14.27999973,14.5,13.57999992,14.07999992
14-01-2020,13.90999985,14.27999973,13.06000042,14.27999973
15-01-2020,14.11999989,14.46000004,13.59000015,13.90999985
16-01-2020,14.18000031,14.36999989,12.60000038,14.11999989
17-01-2020,14.13000011,14.52999973,12.5,14.18000031
20-01-2020,15.40999985,15.5,12.47000027,14.13000011
21-01-2020,15.85999966,16.04000092,15.06999969,15.40999985
22-01-2020,16.36000061,16.61000061,15.35999966,15.85999966
23-01-2020,15.85999966,16.70999908,15.77999973,16.36000061
24-01-2020,15.56000042,16.21999931,14.59000015,15.85999966
27-01-2020,17.18000031,17.34000015,14.68000031,15.56000042
28-01-2020,17.29999924,17.61000061,16.95999908,17.18000031
29-01-2020,16.5,17.29999924,15.64999962,17.29999924
30-01-2020,16.79999924,17.13999939,15.38000011,16.5
31-01-2020,17.37000084,17.59000015,14.89999962,16.79999924
03-02-2020,15.77999973,17.03000069,15.47999954,16.84000015
04-02-2020,14.38000011,15.77999973,14.31000042,15.77999973
05-02-2020,14.17000008,14.52999973,13.81999969,14.38000011
06-02-2020,13.77999973,14.23999977,12.64999962,14.17000008
07-02-2020,13.75,13.98999977,12.97999954,13.77999973
10-02-2020,14.21000004,14.60000038,12.97000027,13.75
11-02-2020,13.88000011,14.21000004,11.38000011,14.21000004
12-02-2020,13.61999989,13.88000011,13.14999962,13.88000011
13-02-2020,13.36999989,13.67000008,11.80000019,13.61999989
14-02-2020,13.61999989,13.98999977,11.89999962,13.36999989
17-02-2020,14.42000008,14.61999989,13.38000011,13.61999989
18-02-2020,14.51000023,14.81999969,11.38000011,14.42000008
19-02-2020,14.02000046,14.51000023,13.47999954,14.51000023
20-02-2020,13.69999981,14.02999973,10.15999985,14.02000046
24-02-2020,17,17.37999916,12.30000019,13.69999981
25-02-2020,16.89999962,17.31999969,15.61999989,17
26-02-2020,18.26000023,18.86000061,16.5,16.89999962
27-02-2020,17.77000046,19.15999985,16.82999992,18.26000023
28-02-2020,23.23999977,23.70000076,17.47999954,17.77000046
02-03-2020,25.20000076,26.34000015,19.92000008,23.23999977
03-03-2020,24.54000092,26.48999977,21.54000092,25.20000076
04-03-2020,24.22999954,26.29000092,22.43000031,24.54000092
05-03-2020,23.25,24.22999954,22.12999916,24.22999954
06-03-2020,25.63999939,27.54999924,23.25,23.25
09-03-2020,30.79999924,34.34999847,21.43000031,25.63999939
11-03-2020,31.55999947,33.24000168,29.64999962,30.79999924
12-03-2020,41.15999985,42.33000183,29.80999947,31.55999947
13-03-2020,51.47000122,59.47999954,41.15999985,41.15999985
16-03-2020,58.88000107,59.86999893,51.47000122,51.47000122
17-03-2020,62.93000031,63.43999863,57.25,58.88000107
18-03-2020,63.95999908,64.58000183,61.15000153,62.93000031
19-03-2020,72.19999695,73.33999634,63.09999847,63.95999908
20-03-2020,67.09999847,72.97000122,65.37999725,72.19999695
23-03-2020,71.98999786,73.37000275,66.31999969,67.09999847
24-03-2020,83.61000061,86.63999939,71.98999786,71.98999786
25-03-2020,77.62999725,84.59999847,75.97000122,83.61000061
26-03-2020,71.52999878,79.41000366,70.68000031,77.62999725
27-03-2020,70.38999939,73.02999878,65.62999725,71.52999878
30-03-2020,71.88999939,73.36000061,70.27999878,70.38999939
31-03-2020,64.41000366,71.88999939,63.61000061,71.88999939
01-04-2020,60.04999924,64.41000366,59.77999878,64.41000366
03-04-2020,55.29999924,60.59000015,54.90000153,60.04999924
07-04-2020,51.79999924,55.29999924,49.93999863,55.29999924
08-04-2020,52.24000168,53.72999954,46.97999954,51.79999924
09-04-2020,49.75,52.24000168,46.90000153,52.24000168
13-04-2020,51.45999908,52.49000168,43.63999939,49.75
15-04-2020,49.74000168,51.45999908,44.65000153,51.45999908
16-04-2020,46.09999847,49.74000168,42.25999832,49.74000168
17-04-2020,42.59000015,46.09999847,40.31000137,46.09999847
20-04-2020,43.45999908,44.04000092,40.29999924,42.59000015
21-04-2020,45.20000076,45.95999908,36.22000122,43.45999908
22-04-2020,42.81999969,45.43000031,40.47000122,45.20000076
23-04-2020,39.22999954,42.81999969,37,42.81999969
24-04-2020,39.11999893,39.95000076,34.97999954,39.22999954
27-04-2020,38.04000092,40.16999817,35.20999908,39.11999893
28-04-2020,35.34999847,41.90999985,35.06999969,38.04000092
29-04-2020,33.84000015,35.34999847,31.47999954,35.34999847
30-04-2020,33.99000168,34.25,32.52999878,33.84000015
04-05-2020,43.66999817,43.91999817,33.99000168,33.99000168
05-05-2020,43.61000061,43.86999893,38.15000153,43.66999817
06-05-2020,41.25,43.63000107,40.20000076,43.61000061
07-05-2020,39.93000031,41.72000122,39.65999985,41.25
08-05-2020,38.40999985,39.93000031,36.54999924,39.93000031
11-05-2020,38.04000092,38.49000168,36.95000076,38.40999985
12-05-2020,38.20999908,38.81000137,35.24000168,38.04000092
13-05-2020,38.84000015,39.04999924,33.43999863,38.20999908
14-05-2020,38.18000031,38.84000015,35.79999924,38.84000015
15-05-2020,38.02000046,38.45999908,34.06000137,38.18000031
18-05-2020,40.91999817,41.25,27.94000053,38.02000046
19-05-2020,39.45000076,40.91999817,37.95000076,40.91999817
20-05-2020,35.81000137,39.45000076,34.09999847,39.45000076
21-05-2020,32.99000168,35.81000137,32.58000183,35.81000137
22-05-2020,32.38000107,34.36000061,26.34000015,32.99000168
26-05-2020,31.46999931,33.20999908,30.96999931,32.38000107
27-05-2020,31.27000046,32.02000046,28.86000061,31.46999931
28-05-2020,30.02000046,31.27000046,29.20000076,31.27000046
29-05-2020,30.21999931,30.56999969,27.40999985,30.02000046
01-06-2020,30.73999977,32.16999817,28.82999992,30.21999931
02-06-2020,30.12000084,30.92000008,27.89999962,30.73999977
03-06-2020,30.04000092,30.39999962,29.34000015,30.12000084
04-06-2020,29.69000053,30.27000046,28.45000076,30.04000092
05-06-2020,28.68000031,29.69000053,25.92000008,29.69000053
08-06-2020,29.64999962,30.14999962,27.79999924,28.68000031
09-06-2020,30.20999908,30.34000015,27.23999977,29.64999962
10-06-2020,29.44000053,30.20999908,28.72999954,30.20999908
11-06-2020,29.65999985,30.42000008,28.38999939,29.44000053
12-06-2020,30.81999969,32.88000107,29.65999985,29.65999985
15-06-2020,32.58000183,33.77999878,29.92000008,30.81999969
16-06-2020,32.97000122,35.31000137,30.40999985,32.58000183
17-06-2020,33.34999847,34.02000046,29.04999924,32.97000122
18-06-2020,31.45999908,33.41999817,31.21999931,33.34999847
19-06-2020,29.96999931,31.90999985,29.68000031,31.45999908
22-06-2020,30.45999908,30.97999954,29.96999931,29.96999931
23-06-2020,29.34000015,31.14999962,29.23999977,30.45999908
24-06-2020,29.57999992,30.53000069,27.79000092,29.34000015
25-06-2020,29.72999954,31.29000092,29.05999947,29.57999992
26-06-2020,28.73999977,30.06999969,28.31999969,29.72999954
29-06-2020,28.90999985,30.45000076,27.97999954,28.73999977
30-06-2020,29.12000084,29.62999916,28.40999985,28.90999985
01-07-2020,28.12000084,29.15999985,27.94000053,29.12000084
02-07-2020,26.51000023,28.12000084,26.31999969,28.12000084
03-07-2020,25.77000046,26.78000069,25.62999916,26.51000023
06-07-2020,25.20000076,26.18000031,24.54000092,25.77000046
07-07-2020,25.10000038,25.64999962,24.23999977,25.20000076
08-07-2020,26.10000038,26.36000061,25.03000069,25.10000038
09-07-2020,24.90999985,27.65999985,24.73999977,26.10000038
10-07-2020,24.94000053,25.47999954,23.48999977,24.90999985
13-07-2020,25.25,25.90999985,22.80999947,24.94000053
14-07-2020,26.63999939,27.27000046,25.25,25.25
15-07-2020,26.29000092,26.63999939,23.73999977,26.63999939
16-07-2020,25.36000061,26.60000038,25.25,26.29000092
17-07-2020,24.15999985,25.5,23.77000046,25.36000061
20-07-2020,24.70999908,25.12000084,24.15999985,24.15999985
21-07-2020,24.43000031,24.70999908,23.72999954,24.70999908
22-07-2020,24.88999939,25.79999924,23.72999954,24.43000031
23-07-2020,24.63999939,24.94000053,24.01000023,24.88999939
24-07-2020,24.54000092,25.29999924,22.73999977,24.63999939
27-07-2020,25.02000046,25.71999931,23.29000092,24.54000092
28-07-2020,23.63999939,25.21999931,23.54999924,25.02000046
29-07-2020,24.11000061,24.5,23.63999939,23.63999939
30-07-2020,24.72999954,25.13999939,22.09000015,24.11000061
31-07-2020,24.19000053,25.37000084,23.96999931,24.72999954
03-08-2020,25.19000053,25.69000053,23.26000023,24.19000053
04-08-2020,23.81999969,25.19000053,23.55999947,25.19000053
05-08-2020,23.56999969,23.93000031,21.82999992,23.81999969
06-08-2020,23.14999962,23.70999908,22.53000069,23.56999969
07-08-2020,22.57999992,23.30999947,21.76000023,23.14999962
10-08-2020,22.51000023,23.02000046,21.45000076,22.57999992
11-08-2020,21.36000061,22.51000023,20.21999931,22.51000023
12-08-2020,20.85000038,21.92000008,16.85000038,21.36000061
13-08-2020,20.56999969,21.19000053,19.45999908,20.85000038
14-08-2020,21.67000008,22.96999931,16.34000015,20.56999969
17-08-2020,21.30999947,22.87999916,19.55999947,21.67000008
18-08-2020,20.43000031,21.30999947,18.25,21.30999947
19-08-2020,19.95999908,20.43000031,17.84000015,20.43000031
20-08-2020,20.62000084,21.07999992,17.65999985,19.95999908
21-08-2020,19.94000053,20.62000084,14.89000034,20.62000084
24-08-2020,19.22999954,20.06999969,17.88999939,19.94000053
25-08-2020,19.31999969,19.80999947,15.42000008,19.22999954
26-08-2020,19.29999924,19.59000015,17.21999931,19.31999969
27-08-2020,18.89999962,19.46999931,17.45000076,19.29999924
28-08-2020,18.35000038,18.89999962,16.65999985,18.89999962
31-08-2020,22.84000015,23.87000084,16.39999962,18.35000038
01-09-2020,21.79999924,23.23999977,21.11000061,22.84000015
02-09-2020,21.11000061,22.5,19.85000038,21.79999924
03-09-2020,20.5,21.11000061,18.15999985,21.11000061
04-09-2020,22.14999962,22.64999962,19.86000061,20.5
07-09-2020,22.01000023,23.25,17.25,22.14999962
08-09-2020,22.71999931,23.06999969,17.56999969,22.01000023
09-09-2020,22.22999954,23.27000046,20.20000076,22.71999931
10-09-2020,21.26000023,22.22999954,17.70000076,22.22999954
11-09-2020,20.70999908,21.35000038,18.17000008,21.26000023
14-09-2020,21.19000053,21.73999977,17.53000069,20.70999908
15-09-2020,20.60000038,21.19000053,18.89999962,21.19000053
16-09-2020,19.65999985,20.60000038,16.32999992,20.60000038
17-09-2020,20.10000038,20.68000031,17.54999924,19.65999985
18-09-2020,20.04999924,20.77000046,17.57999992,20.10000038
21-09-2020,22.19000053,22.98999977,18.27000046,20.04999924
22-09-2020,21.40999985,23.28000069,15.76000023,22.19000053
23-09-2020,20.98999977,22.47999954,19.37000084,21.40999985
24-09-2020,23.51000023,23.81999969,20.93000031,20.98999977
25-09-2020,20.68000031,23.51000023,18.67000008,23.51000023
28-09-2020,19.56999969,21.10000038,19.35000038,20.68000031
29-09-2020,19.77000046,20.20000076,18.43000031,19.56999969
30-09-2020,19.53000069,20.21999931,17.68000031,19.77000046
01-10-2020,18.35000038,19.53000069,17.37999916,19.53000069
05-10-2020,19.70000076,20.02000046,18.35000038,18.35000038
06-10-2020,19.63999939,19.88999939,18.36000061,19.70000076
07-10-2020,20.05999947,20.34000015,19.06999969,19.63999939
08-10-2020,20.37999916,20.86000061,18.97999954,20.05999947
09-10-2020,20.37999916,21.01000023,17.51000023,20.37999916
12-10-2020,21.12999916,22.10000038,19.38999939,20.37999916
13-10-2020,20.71999931,21.64999962,20.53000069,21.12999916
14-10-2020,20.20999908,20.95999908,18.43000031,20.71999931
15-10-2020,22.05999947,22.28000069,19.04000092,20.20999908
16-10-2020,21.64999962,22.42000008,20.48999977,22.05999947
19-10-2020,21.81999969,22.31999969,15.47000027,21.64999962
20-10-2020,22.69000053,22.79000092,18.79000092,21.81999969
21-10-2020,22.92000008,23.54999924,18.37999916,22.69000053
22-10-2020,22.63999939,23.52000046,17.44000053,22.92000008
23-10-2020,21.82999992,22.78000069,19.82999992,22.63999939
26-10-2020,22.82999992,23.40999985,21.31999969,21.82999992
27-10-2020,22.20000076,23.17000008,22.12000084,22.82999992
28-10-2020,23.28000069,23.46999931,20.07999992,22.20000076
29-10-2020,24.02000046,24.36000061,22.28000069,23.28000069
30-10-2020,24.75,26.29999924,21.72999954,24.02000046
02-11-2020,25.20999908,25.92000008,24.21999931,24.75
03-11-2020,24.23999977,25.32999992,22.92000008,25.20999908
04-11-2020,23.20000076,24.23999977,20.67000008,24.23999977
05-11-2020,20.96999931,23.20000076,19.98999977,23.20000076
06-11-2020,20.5,20.96999931,19.28000069,20.96999931
09-11-2020,20.11000061,21.04999924,17.57999992,20.5
10-11-2020,21.57999992,21.85000038,19.89999962,20.11000061
11-11-2020,22.03000069,22.37999916,19,21.57999992
12-11-2020,20.62000084,22.03000069,19.79000092,22.03000069
13-11-2020,19.70000076,29.53000069,19.55999947,20.62000084
17-11-2020,19.79999924,20.40999985,18.39999962,19.12999916
18-11-2020,19.12000084,19.79999924,15.72000027,19.79999924
19-11-2020,19.56999969,19.97999954,16.32999992,19.12000084
20-11-2020,19.62000084,19.80999947,17,19.56999969
23-11-2020,20.79999924,20.86000061,16.90999985,19.62000084
24-11-2020,21.05999947,22,20.02000046,20.79999924
25-11-2020,23.12999916,23.5,20.68000031,21.05999947
26-11-2020,20.02000046,23.12999916,19.44000053,23.12999916
27-11-2020,19.81999969,21.28000069,17.62999916,20.02000046
01-12-2020,20.18000031,21.23999977,19.25,19.81999969
02-12-2020,19.90999985,20.54999924,17.95999908,20.18000031
03-12-2020,19,19.90999985,17.71999931,19.90999985
04-12-2020,18.03000069,19.04000092,16.53000069,19
07-12-2020,18.02000046,18.31999969,16.95000076,18.03000069
08-12-2020,18.62000084,18.79999924,16.27000046,18.02000046
09-12-2020,18.92000008,19.62999916,16.21999931,18.62000084
10-12-2020,18.70999908,19.38999939,17.42000008,18.92000008
11-12-2020,18.79000092,19.29000092,17.36000061,18.70999908
14-12-2020,19.39999962,19.63999939,15.32999992,18.79000092
15-12-2020,19.35000038,19.82999992,15.68999958,19.39999962
16-12-2020,19.20000076,19.39999962,18.61000061,19.35000038
17-12-2020,19.15999985,21.62000084,14.05000019,19.20000076
18-12-2020,18.62000084,19.48999977,14.56000042,19.15999985
21-12-2020,23.19000053,23.68000031,18.62000084,18.62000084
22-12-2020,21.98999977,24.47999954,16.59000015,23.19000053
23-12-2020,20.5,22.07999992,19.39999962,21.98999977
24-12-2020,19.96999931,20.95000076,15.64999962,20.5
28-12-2020,20.43000031,21.02000046,18.60000038,19.96999931
29-12-2020,20.79000092,21.20999908,17.62999916,20.43000031
30-12-2020,21.11000061,21.59000015,20.79000092,20.79000092
31-12-2020,21.10000038,21.51000023,19.19000053,21.11000061
04-01-2021,20.03000069,21.03000069,19.34000015,19.55999947
05-01-2021,20.45999908,21.01000023,20.03000069,20.03000069
06-01-2021,21,21.62999916,20.43000031,20.45999908
07-01-2021,20.62000084,21,20.13999939,21
08-01-2021,20.63999939,20.85000038,17.37999916,20.62000084
11-01-2021,22.37999916,22.75,20.63999939,20.63999939
12-01-2021,22.85000038,23.26000023,22.29000092,22.37999916
13-01-2021,23.29000092,24.04999924,22.37000084,22.85000038
14-01-2021,23.03000069,23.70000076,22.80999947,23.29000092
15-01-2021,24.01000023,24.68000031,23.03000069,23.03000069
18-01-2021,24.39999962,25.40999985,23.56999969,24.01000023
19-01-2021,22.89999962,24.39999962,20.36000061,24.39999962
20-01-2021,21.54999924,23.19000053,19.32999992,22.89999962
21-01-2021,22.18000031,22.78000069,18.62000084,21.54999924
25-01-2021,23.25,23.80999947,20.34000015,22.42000008
27-01-2021,24.38999939,24.75,20.82999992,23.25
28-01-2021,24.29000092,25.29999924,23.44000053,24.38999939
29-01-2021,25.34000015,25.98999977,22.07999992,24.29000092
01-02-2021,23.31999969,25.93000031,22.60000038,25.34000015
02-02-2021,23.35000038,23.61000061,21,23.31999969
03-02-2021,23.75,24.20000076,20.95000076,23.35000038
04-02-2021,23.12000084,23.93000031,22.09000015,23.75
05-02-2021,23.42000008,23.94000053,20.07999992,23.12000084
08-02-2021,23.95999908,24.35000038,22.18000031,23.42000008
09-02-2021,24.27000046,24.46999931,21.43000031,23.95999908
10-02-2021,23.95000076,24.95999908,20.90999985,24.27000046
11-02-2021,23.04999924,24.21999931,21.02000046,23.95000076
12-02-2021,22.04000092,23.06999969,20.88999939,23.04999924
16-02-2021,21.78000069,22.12000084,20.54000092,21.47999954
18-02-2021,21.54000092,22.09000015,19.95999908,21.51000023
19-02-2021,22.25,22.87000084,19.35000038,21.54000092
22-02-2021,25.46999931,25.81999969,20.02000046,22.25
23-02-2021,25.22999954,25.63999939,23.86000061,25.46999931
24-02-2021,24.17000008,25.22999954,23.47999954,25.22999954
25-02-2021,22.88999939,24.17000008,22.62999916,24.17000008
26-02-2021,28.13999939,29.64999962,22.88999939,22.88999939
01-03-2021,25.62999916,28.13999939,24.95000076,28.13999939
02-03-2021,23.61000061,25.62999916,23.20999908,25.62999916
03-03-2021,22.09000015,23.61000061,21.81999969,23.61000061
04-03-2021,24.14999962,24.57999992,22.09000015,22.09000015
05-03-2021,25.55999947,26.40999985,22.86000061,24.14999962
08-03-2021,24.68000031,25.64999962,21.20000076,25.55999947
09-03-2021,22.5,24.68000031,21.44000053,24.68000031
10-03-2021,20.75,22.5,19.31999969,22.5
12-03-2021,21.70999908,22.67000008,18.54000092,20.75
15-03-2021,21.22999954,22.93000031,21,21.70999908
16-03-2021,20.19000053,21.22999954,18.05999947,21.22999954
17-03-2021,20.15999985,20.42000008,18.62000084,20.19000053
18-03-2021,20.07999992,20.95000076,16.68000031,20.15999985
19-03-2021,19.98999977,21.87000084,18.72999954,20.07999992
22-03-2021,20.48999977,21.22999954,18.96999931,19.98999977
23-03-2021,20.67000008,22.13999939,20.48999977,20.48999977
24-03-2021,22.45999908,22.69000053,19.75,20.67000008
25-03-2021,22.70000076,23.30999947,21.12000084,22.45999908
26-03-2021,20.64999962,22.92000008,18.22999954,22.70000076
30-03-2021,20.48999977,20.64999962,19.56999969,20.64999962
31-03-2021,20.64999962,20.82999992,20,20.48999977
01-04-2021,19.98999977,20.68000031,19.72999954,20.64999962
05-04-2021,21.21999931,23.30999947,19.98999977,19.98999977
06-04-2021,20.84000015,22.23999977,19.80999947,21.21999931
07-04-2021,20.25,21.29999924,19.43000031,20.84000015
08-04-2021,20.30999947,20.59000015,19.17000008,20.25
09-04-2021,19.79000092,20.96999931,19.68000031,20.30999947
12-04-2021,23,23.29999924,19.79000092,19.79000092
13-04-2021,20.45999908,23,20.29999924,23
15-04-2021,20.88999939,21.54999924,18.25,20.45999908
16-04-2021,20.39999962,21.09000015,19.47999954,20.88999939
19-04-2021,22.48999977,23.11000061,19.80999947,20.39999962
20-04-2021,22.43000031,22.75,21.23999977,22.48999977
22-04-2021,23.03000069,23.61000061,22.43000031,22.43000031
23-04-2021,22.69000053,23.04999924,20.20999908,23.03000069
26-04-2021,23.5,23.55999947,22.62000084,22.69000053
27-04-2021,23.07999992,23.62999916,22.31999969,23.5
28-04-2021,22.57999992,23.11000061,20.96999931,23.07999992
29-04-2021,23.30999947,23.42000008,22.11000061,22.57999992
30-04-2021,23.03000069,23.77000046,22.60000038,23.30999947
03-05-2021,23.69000053,24.54000092,21.84000015,23.03000069
04-05-2021,23.01000023,23.69000053,22.18000031,23.69000053
06-05-2021,22.04000092,22.61000061,20.12000084,21.95999908
07-05-2021,20.81999969,22.04000092,20.30999947,22.04000092
10-05-2021,20.22999954,21.14999962,20.13999939,20.81999969
12-05-2021,20.07999992,20.90999985,18.36000061,19.82999992
14-05-2021,20.27000046,21.14999962,18.22999954,20.07999992
17-05-2021,19.61000061,20.43000031,18.36000061,20.27000046
18-05-2021,19.23999977,19.61000061,18.30999947,19.61000061
19-05-2021,19.31999969,19.56999969,17.22999954,19.23999977
21-05-2021,19.07999992,19.64999962,17.12999916,19.64999962
24-05-2021,19.12999916,19.88999939,18.71999931,19.07999992
26-05-2021,20.87000084,21.29999924,17.22999954,18.84000015
27-05-2021,19.90999985,21.31999969,18.35000038,20.87000084
28-05-2021,17.39999962,19.90999985,17.36000061,19.90999985
01-06-2021,17.38999939,17.95999908,15.31000042,16.88999939
02-06-2021,17.20999908,17.64999962,15.17000008,17.38999939
03-06-2021,15.75,17.20999908,14.14999962,17.20999908
04-06-2021,15.93999958,16.37999916,14.93999958,15.75
07-06-2021,15.56999969,15.93999958,14.73999977,15.93999958
08-06-2021,15.22999954,15.60000038,13.56999969,15.56999969
09-06-2021,14.75,15.73999977,11.94999981,15.22999954
10-06-2021,15,15.19999981,14.18000031,14.75
11-06-2021,14.10000038,15,13.93999958,15
14-06-2021,14.72000027,15.31000042,13.73999977,14.10000038
15-06-2021,14.60999966,15.15999985,13.27999973,14.72000027
16-06-2021,14.86999989,15.31999969,13.61999989,14.60999966
17-06-2021,15.28999996,16.04999924,14.52999973,14.86999989
18-06-2021,14.80000019,16.62000084,10.60000038,15.28999996
21-06-2021,15.06000042,16.45999908,14.38000011,14.80000019
22-06-2021,14.73999977,15.10999966,14.43000031,15.06000042
23-06-2021,15.36999989,15.53999996,13.63000011,14.73999977
24-06-2021,15.10000038,15.64000034,14.93000031,15.36999989
25-06-2021,13.36999989,15.27000046,13.27999973,15.10000038
28-06-2021,13.39999962,13.77000046,13.11999989,13.36999989
29-06-2021,13,13.39999962,12.89999962,13.39999962
30-06-2021,13.05000019,13.14000034,12.60000038,13
01-07-2021,12.84000015,13.27999973,12.32999992,13.05000019
02-07-2021,12.09000015,13.02000046,12.02000046,12.84000015
06-07-2021,12.27999973,12.35999966,11.28999996,12.06999969
07-07-2021,12.21000004,12.59000015,11.14999962,12.27999973
08-07-2021,13.56000042,14.01000023,12.06000042,12.21000004
09-07-2021,12.93999958,14,12.18000031,13.56000042
12-07-2021,12.98999977,13.60999966,11.81000042,12.93999958
13-07-2021,12.61999989,12.98999977,10.67000008,12.98999977
14-07-2021,12.59000015,12.96000004,10.48999977,12.61999989
15-07-2021,12.27000046,12.94999981,11.07999992,12.59000015
16-07-2021,11.71000004,12.36999989,11.63000011,12.27000046
19-07-2021,12.68000031,13.19999981,11.71000004,11.71000004
20-07-2021,13.21000004,14.09000015,11.78999996,12.68000031
22-07-2021,11.89000034,13.21000004,11.72000027,13.21000004
23-07-2021,11.76000023,12.11999989,11.56999969,11.89000034
26-07-2021,12.44999981,12.53999996,10.39999962,11.76000023
27-07-2021,13.22999954,13.52999973,12.10000038,12.44999981
28-07-2021,13.68999958,15.97999954,11.35999966,13.22999954
29-07-2021,12.94999981,13.68999958,12.43999958,13.68999958
30-07-2021,12.80000019,13.31999969,12.18000031,12.94999981
02-08-2021,12.81000042,13.09000015,11.52000046,12.80000019
03-08-2021,13.75,13.90999985,11.96000004,12.81000042
04-08-2021,13.21000004,14.06000042,12.64999962,13.75
05-08-2021,12.86999989,13.42000008,11.19999981,13.21000004
06-08-2021,12.60999966,13.15999985,11.64000034,12.86999989
09-08-2021,12.60999966,13.10999966,12.02999973,12.60999966
10-08-2021,12.71000004,13.06999969,9.979999542,12.60999966
11-08-2021,12.71000004,13.32999992,10.47000027,12.71000004
12-08-2021,12.36999989,12.81999969,11.35999966,12.71000004
13-08-2021,12.98999977,13.15999985,11.39999962,12.36999989
16-08-2021,13.46000004,13.65999985,11.38000011,12.98999977
17-08-2021,13.40999985,13.60999966,12.02999973,13.46000004
18-08-2021,12.90999985,13.40999985,11.11999989,13.40999985
20-08-2021,14.02000046,14.14000034,12.35000038,12.90999985
23-08-2021,13.68999958,14.43999958,12.72999954,14.02000046
24-08-2021,13.18999958,14.51000023,13.10000038,13.68999958
25-08-2021,13.5,13.97000027,12.27000046,13.18999958
26-08-2021,13.53999996,14.19999981,12.10999966,13.5
27-08-2021,13.40999985,13.76000023,12.93999958,13.53999996
30-08-2021,13.31999969,13.68999958,12.39999962,13.40999985
31-08-2021,14.52000046,14.77000046,12.64000034,13.31999969
01-09-2021,14.18999958,15.63000011,13.89999962,14.52000046
02-09-2021,14.23999977,14.39000034,13.60999966,14.18999958
03-09-2021,14.53999996,14.64999962,13.57999992,14.23999977
06-09-2021,15.10999966,15.27999973,14.06000042,14.53999996
07-09-2021,14.89999962,15.22999954,14.59000015,15.10999966
08-09-2021,14.40999985,15.06000042,12.48999977,14.89999962
09-09-2021,13.93999958,14.40999985,13.64000034,14.40999985
13-09-2021,14.02999973,14.77999973,11.92000008,13.93999958
14-09-2021,13.57999992,14.02999973,10.86999989,14.02999973
15-09-2021,13.72999954,13.88000011,12.36999989,13.57999992
16-09-2021,14.40999985,14.52999973,9.029999733,13.72999954
17-09-2021,15.22999954,15.64999962,12.14000034,14.40999985
20-09-2021,17.48999977,17.80999947,10.22999954,15.22999954
21-09-2021,16.52000046,18,13,17.48999977
22-09-2021,16.48999977,16.86000061,13.27999973,16.52000046
23-09-2021,16.60000038,16.94000053,10.31000042,16.48999977
24-09-2021,16.92000008,17.32999992,12.77000046,16.60000038
27-09-2021,18.04999924,18.13999939,13.52000046,16.92000008
28-09-2021,18.54000092,18.56999969,15.36999989,18.04999924
29-09-2021,18.84000015,19.43000031,16.76000023,18.54000092
30-09-2021,18.39999962,19.13999939,17.14999962,18.84000015
01-10-2021,17.20999908,19.07999992,17,18.39999962
04-10-2021,16.73999977,17.53000069,15.31999969,17.20999908
05-10-2021,16.39999962,17.12999916,16.29999924,16.73999977
06-10-2021,17.32999992,17.59000015,16.11000061,16.39999962
07-10-2021,16.15999985,17.32999992,14.44999981,17.32999992
08-10-2021,15.64999962,16.39999962,15.52999973,16.15999985
11-10-2021,16.09000015,16.40999985,12.22999954,15.64999962
12-10-2021,15.85000038,16.39999962,13.93999958,16.09000015
13-10-2021,16.10000038,16.21999931,13.38000011,15.85000038
14-10-2021,15.77000046,16.29000092,12.60999966,16.10000038
18-10-2021,17.18000031,17.31999969,14.15999985,15.77000046
19-10-2021,17.37999916,17.54000092,14.23999977,17.18000031
20-10-2021,18.30999947,18.86000061,15.22999954,17.37999916
21-10-2021,18.04000092,18.79999924,14.90999985,18.30999947
22-10-2021,17.54999924,18.04000092,14.35999966,18.04000092
25-10-2021,17.61000061,18.76000023,14.51000023,17.54999924
26-10-2021,16.75,17.72999954,16.64999962,17.61000061
27-10-2021,16.82999992,17.03000069,15.39999962,16.75
28-10-2021,17.90999985,18.43000031,16.80999947,16.82999992
29-10-2021,17.43000031,19.63999939,16.28000069,17.90999985
01-11-2021,17.23999977,18.10000038,15.38000011,17.43000031
02-11-2021,17.05999947,17.79000092,16.36000061,17.23999977
03-11-2021,16.12999916,17.05999947,15.69999981,17.05999947
04-11-2021,15.75,16.40999985,14.31000042,16.12999916
08-11-2021,16.34000015,16.93000031,13.98999977,15.75
09-11-2021,16,16.61000061,14.64000034,16.34000015
10-11-2021,16.30999947,16.68000031,15.14000034,16
11-11-2021,16.35000038,17.29000092,14.64999962,16.30999947
12-11-2021,15.22000027,16.35000038,14.64999962,16.35000038
15-11-2021,15.47000027,15.84000015,13.43000031,15.22000027
16-11-2021,15.19999981,15.68000031,13.57999992,15.47000027
17-11-2021,14.97999954,15.40999985,13.92000008,15.19999981
18-11-2021,14.85999966,16.14999962,12.07999992,14.97999954
22-11-2021,17.52000046,18.07999992,13.56000042,14.85999966
23-11-2021,18.02000046,20.02000046,16.79000092,17.52000046
24-11-2021,17.10000038,18.02000046,15.57999992,18.02000046
25-11-2021,16.65999985,18.06999969,16,17.10000038
26-11-2021,20.79999924,21.38999939,16.04999924,16.65999985
29-11-2021,20.82999992,23.81999969,18.88999939,20.79999924
30-11-2021,21.17000008,21.96999931,18.80999947,20.82999992
01-12-2021,19.45000076,21.17000008,18.93000031,21.17000008
02-12-2021,18.09000015,22.96999931,18,19.45000076
03-12-2021,18.45000076,18.82999992,17.20999908,18.09000015
06-12-2021,20.07999992,20.47999954,18.29999924,18.45000076
07-12-2021,18.45999908,20.07999992,18.23999977,20.07999992
08-12-2021,17.27000046,18.45999908,16.56999969,18.45999908
09-12-2021,16.60000038,17.43000031,15.53999996,17.27000046
10-12-2021,16.05999947,16.93000031,15.21000004,16.60000038
13-12-2021,16.56999969,16.86000061,14.68000031,16.05999947
14-12-2021,16.95000076,17.32999992,13.93999958,16.56999969
15-12-2021,17.21999931,17.70999908,15.77000046,16.95000076
16-12-2021,15.89999962,17.21999931,15.26000023,17.21999931
17-12-2021,16.34000015,16.90999985,13.76000023,15.89999962
20-12-2021,18.96999931,20.13999939,16.34000015,16.34000015
21-12-2021,17.54000092,18.96999931,16.62999916,18.96999931
22-12-2021,16.57999992,17.54000092,15.68999958,17.54000092
23-12-2021,15.82999992,16.57999992,15.68000031,16.57999992
24-12-2021,16.14999962,16.64999962,15.32999992,15.82999992
27-12-2021,17.12000084,17.28000069,15.26000023,16.14999962
28-12-2021,16.47999954,17.12000084,15.21000004,17.12000084
29-12-2021,16.23999977,16.86000061,15.80000019,16.47999954
30-12-2021,16.56999969,16.79000092,15.28999996,16.23999977
31-12-2021,16.21999931,16.77000046,15.39999962,16.56999969
03-01-2022,16.45000076,16.80999947,15.44999981,16.21999931
04-01-2022,16.12000084,16.68000031,15.71000004,16.45000076
05-01-2022,17.22999954,17.37999916,15.09000015,16.12000084
06-01-2022,17.97999954,18.42000008,16.39999962,17.22999954
07-01-2022,17.60000038,18.09000015,16.86000061,17.97999954
10-01-2022,17.68000031,18.38999939,15.84000015,17.60000038
11-01-2022,17.76000023,18.25,16.44000053,17.68000031
12-01-2022,17.18000031,17.93000031,16.54999924,17.76000023
13-01-2022,16.70000076,17.52000046,16.61000061,17.18000031
14-01-2022,16.55999947,17.10000038,15.34000015,16.70000076
17-01-2022,16.77000046,17.54999924,16.27000046,16.55999947
18-01-2022,17.78000069,17.87999916,16.77000046,16.77000046
19-01-2022,17.81999969,18.45000076,15.93999958,17.78000069
20-01-2022,17.79000092,18.45000076,17.31999969,17.81999969
21-01-2022,18.88999939,19.61000061,16.97999954,17.79000092
24-01-2022,22.82999992,23.89999962,18.88999939,18.88999939
25-01-2022,21.36000061,24.13999939,21.18000031,22.82999992
27-01-2022,21.06999969,23.87000084,20.44000053,21.36000061
28-01-2022,20.70000076,21.31999969,20.28000069,21.06999969
31-01-2022,21.95000076,22.11000061,20.70000076,20.70000076
01-02-2022,19.97999954,22.06999969,19.75,21.95000076
02-02-2022,18.64999962,19.97999954,18.54999924,19.97999954
03-02-2022,19.15999985,19.60000038,17.40999985,18.64999962
04-02-2022,18.89999962,19.78000069,18.60000038,19.15999985
07-02-2022,20.44000053,21.07999992,18.18000031,18.89999962
08-02-2022,19.68000031,20.94000053,19.55999947,20.44000053
09-02-2022,18.55999947,19.68000031,17.88999939,19.68000031
10-02-2022,17.70999908,18.93000031,16.79999924,18.55999947
11-02-2022,18.68000031,19.53000069,16.86000061,17.70999908
14-02-2022,22.97999954,23.54000092,18.68000031,18.68000031
15-02-2022,20.61000061,23.13999939,20.43000031,22.97999954
16-02-2022,20.59000015,21.02000046,19.35000038,20.61000061
17-02-2022,22.01000023,22.37000084,19.45999908,20.59000015
18-02-2022,22.17000008,23.20999908,21.63999939,22.01000023
21-02-2022,22.89999962,23.76000023,20.56999969,22.17000008
22-02-2022,26.65999985,27.81999969,22.89999962,22.89999962
23-02-2022,24.54000092,26.65999985,23.90999985,26.65999985
24-02-2022,31.97999954,33.97000122,24.54000092,24.54000092
25-02-2022,26.73999977,31.97999954,26.14999962,31.97999954
28-02-2022,28.56999969,29.79000092,26.73999977,26.73999977
02-03-2022,29.22999954,30.84000015,28.56999969,28.56999969
03-03-2022,28.15999985,29.22999954,27.21999931,29.22999954
04-03-2022,27.95999908,29.93000031,27.21999931,28.15999985
07-03-2022,29.32999992,30.28000069,27.95999908,27.95999908
08-03-2022,28.59000015,30.05999947,27.11000061,29.32999992
09-03-2022,27.46999931,28.59000015,27.30999947,28.59000015
10-03-2022,25.57999992,27.46999931,22.95999908,27.46999931
11-03-2022,25.35000038,25.87000084,24.57999992,25.57999992
14-03-2022,25.68000031,26.20999908,25.09000015,25.35000038
15-03-2022,26.72999954,27.54000092,23.65999985,25.68000031
16-03-2022,24.12000084,26.72999954,24.01000023,26.72999954
17-03-2022,22.61000061,24.12000084,20.77000046,24.12000084
21-03-2022,24.62000084,24.70999908,22.61000061,22.61000061
22-03-2022,24.06999969,25.15999985,23.76000023,24.62000084
23-03-2022,24.75,24.97999954,20.45000076,24.06999969
24-03-2022,23.93000031,25.53000069,23.80999947,24.75
25-03-2022,23.43000031,24.27000046,22.90999985,23.93000031
28-03-2022,22.61000061,24.20999908,19.59000015,23.43000031
29-03-2022,21.29999924,22.61000061,21.10000038,22.61000061
30-03-2022,20.61000061,21.29999924,19.72999954,21.29999924
31-03-2022,20.55999947,20.94000053,20.20999908,20.61000061
01-04-2022,18.43000031,20.86000061,18.12000084,20.55999947
04-04-2022,17.90999985,18.82999992,17.59000015,18.43000031
05-04-2022,18.48999977,18.62999916,16.79000092,17.90999985
06-04-2022,19.02000046,19.28000069,16.80999947,18.48999977
07-04-2022,19,19.48999977,17.71999931,19.02000046
08-04-2022,17.69000053,20.09000015,17.53000069,19
11-04-2022,18.27000046,19.14999962,16.63999939,17.69000053
12-04-2022,18.15999985,18.67000008,15.09000015,18.27000046
13-04-2022,17.79000092,18.39999962,16.19000053,18.15999985
18-04-2022,19.34000015,20.47999954,17.79000092,17.79000092
19-04-2022,19.77000046,20.80999947,14.63000011,19.34000015
20-04-2022,18.67000008,20.27000046,17.84000015,19.77000046
21-04-2022,17.85000038,18.67000008,13.35000038,18.67000008
22-04-2022,18.35000038,18.76000023,17.80999947,17.85000038
25-04-2022,21.26000023,21.76000023,18.35000038,18.35000038
26-04-2022,19.19000053,21.26000023,19.01000023,21.26000023
27-04-2022,20.61000061,21.37000084,19.19000053,19.19000053
28-04-2022,19.37999916,20.61000061,19.02000046,20.61000061
29-04-2022,19.42000008,19.64999962,18.20999908,19.37999916
02-05-2022,20.28000069,21.05999947,19.42000008,19.42000008
04-05-2022,21.87999916,22.38999939,18.43000031,20.28000069
05-05-2022,20.29000092,21.87999916,19.61000061,21.87999916
06-05-2022,21.25,21.80999947,19.32999992,20.29000092
09-05-2022,22.03000069,22.52000046,18.95999908,21.25
10-05-2022,22.29999924,22.52000046,21.21999931,22.03000069
11-05-2022,22.79999924,24.19000053,20.47999954,22.29999924
12-05-2022,24.27000046,25.31999969,21.14999962,22.79999924
13-05-2022,23.48999977,24.27000046,20.96999931,24.27000046
16-05-2022,24.53000069,24.70999908,21.28000069,23.48999977
17-05-2022,22.73999977,24.84000015,17.10000038,24.53000069
18-05-2022,22.29999924,23.05999947,21.34000015,22.73999977
19-05-2022,24.55999947,25.14999962,22.29999924,22.29999924
20-05-2022,23.10000038,24.55999947,22.44000053,24.55999947
23-05-2022,23.39999962,23.97999954,20.5,23.10000038
24-05-2022,25.63999939,25.98999977,23.15999985,23.39999962
25-05-2022,25.28000069,25.63999939,24.36000061,25.63999939
26-05-2022,22.71999931,25.28000069,22.54000092,25.28000069
27-05-2022,21.47999954,22.71999931,21.20000076,22.71999931
30-05-2022,19.97999954,21.47999954,19.71999931,21.47999954
31-05-2022,20.47999954,20.75,19.68000031,19.97999954
01-06-2022,20.85000038,21.34000015,18.22999954,20.47999954
02-06-2022,20.31999969,21,18.37999916,20.85000038
03-06-2022,19.97999954,20.31999969,18.73999977,20.31999969
06-06-2022,20.20000076,20.68000031,18.64999962,19.97999954
07-06-2022,20.43000031,21.06999969,19.43000031,20.20000076
08-06-2022,19.84000015,20.69000053,19.38999939,20.43000031
09-06-2022,19.13999939,19.84000015,18.15999985,19.84000015
10-06-2022,19.57999992,19.76000023,18.26000023,19.13999939
13-06-2022,22.37000084,22.79999924,19.57999992,19.57999992
14-06-2022,21.88999939,22.63999939,18.95000076,22.37000084
15-06-2022,22.14999962,22.37000084,20.95000076,21.88999939
16-06-2022,22.87000084,28.12999916,19.75,22.14999962
17-06-2022,22.76000023,23.69000053,18.02000046,22.87000084
20-06-2022,22.40999985,23.63999939,16,22.76000023
21-06-2022,21.13999939,22.40999985,20.47999954,22.40999985
22-06-2022,21.29999924,21.79000092,19.31999969,21.13999939
23-06-2022,20.87999916,21.70999908,18.36000061,21.29999924
24-06-2022,20.54999924,21.27000046,18.68000031,20.87999916
27-06-2022,21.01000023,21.12000084,19.54999924,20.54999924
28-06-2022,21.45000076,21.68000031,20.51000023,21.01000023
29-06-2022,21.89999962,22.09000015,21.45000076,21.45000076
30-06-2022,21.84000015,22.27000046,21.54000092,21.89999962
01-07-2022,21.25,22.43000031,21.13999939,21.84000015
04-07-2022,20.96999931,22.25,20.92000008,21.25
05-07-2022,20.79000092,20.98999977,20.23999977,20.96999931
06-07-2022,20.27000046,20.79000092,19.81999969,20.79000092
07-07-2022,19.20000076,20.27000046,19.01000023,20.27000046
08-07-2022,18.39999962,19.20000076,18.21999931,19.20000076
11-07-2022,18.37000084,19.21999931,16.64999962,18.39999962
12-07-2022,18.54999924,18.63999939,17.29999924,18.37000084
13-07-2022,18.52000046,18.76000023,17.73999977,18.54999924
14-07-2022,18.34000015,18.69000053,17.75,18.52000046
15-07-2022,17.60000038,18.34000015,17.53000069,18.34000015
18-07-2022,17.15999985,18.18000031,16.46999931,17.60000038
19-07-2022,17.20000076,17.67000008,16.35000038,17.15999985
20-07-2022,16.81999969,17.27000046,15.65999985,17.20000076
21-07-2022,16.86000061,17.20999908,15.97000027,16.81999969
22-07-2022,16.64999962,16.95999908,16.15999985,16.86000061
25-07-2022,17.68000031,17.90999985,16.18000031,16.64999962
26-07-2022,18.17000008,18.27000046,17.36000061,17.68000031
27-07-2022,18.12999916,18.63999939,17.75,18.17000008
28-07-2022,17.01000023,18.12999916,16.84000015,18.12999916
29-07-2022,16.54999924,18.64999962,16.48999977,17.01000023
01-08-2022,17.48999977,17.62999916,15.89000034,16.54999924
02-08-2022,18.53000069,18.76000023,17.48999977,17.48999977
03-08-2022,18.45000076,19.17000008,17.95000076,18.53000069
04-08-2022,19.26000023,21.05999947,17.62999916,18.45000076
05-08-2022,18.92000008,19.38999939,18.01000023,19.26000023
08-08-2022,19.29999924,20.18000031,17.78000069,18.92000008
10-08-2022,19.59000015,20.77000046,18.86000061,19.29999924
11-08-2022,18.36000061,19.59000015,18.20000076,19.59000015
12-08-2022,17.61000061,18.52000046,17.40999985,18.36000061
16-08-2022,17.68000031,18.36000061,17.01000023,17.61000061
17-08-2022,17.68000031,17.79000092,16.54999924,17.68000031
18-08-2022,17.35000038,18.44000053,16.71999931,17.68000031
19-08-2022,18.29000092,18.56999969,16.87999916,17.35000038
22-08-2022,19.04000092,19.29999924,17.20000076,18.29000092
23-08-2022,19.04999924,19.59000015,18.18000031,19.04000092
24-08-2022,18.43000031,19.34000015,17.98999977,19.04999924
25-08-2022,19.56999969,20.21999931,17.27000046,18.43000031
26-08-2022,18.21999931,19.56999969,15.82999992,19.56999969
29-08-2022,19.81999969,21.20999908,18.21999931,18.21999931
30-08-2022,18.70000076,19.81999969,17.26000023,19.81999969
01-09-2022,19.87000084,20.98999977,18.11000061,18.70000076
02-09-2022,19.54999924,20.13999939,17.39999962,19.87000084
05-09-2022,19.65999985,20.29000092,19.45000076,19.54999924
06-09-2022,19.52000046,20,18.64999962,19.65999985
07-09-2022,19.37000084,20.18000031,18.28000069,19.52000046
08-09-2022,18.30999947,19.37000084,17.29999924,19.37000084
09-09-2022,17.71999931,18.51000023,16.54999924,18.30999947
12-09-2022,17.94000053,18.37999916,16.38999939,17.71999931
13-09-2022,17.46999931,17.94000053,16.86000061,17.94000053
14-09-2022,18.28000069,18.56999969,17.26000023,17.46999931
15-09-2022,18.38999939,19.21999931,16.78000069,18.28000069
16-09-2022,19.81999969,20.23999977,18.29999924,18.38999939
19-09-2022,19.94000053,21.20999908,16.46999931,19.81999969
20-09-2022,18.79999924,19.94000053,18.11000061,19.94000053
21-09-2022,19.32999992,20.29000092,18.30999947,18.79999924
22-09-2022,18.81999969,20.13999939,17.40999985,19.32999992
23-09-2022,20.59000015,20.80999947,17.35000038,18.81999969
26-09-2022,21.88999939,22.89999962,18.80999947,20.59000015
27-09-2022,21.56999969,22.29000092,20.79000092,21.88999939
28-09-2022,22.10000038,22.36000061,21.48999977,21.56999969
29-09-2022,21.29999924,22.29000092,21.06999969,22.10000038
30-09-2022,19.96999931,21.98999977,19.70000076,21.29999924
03-10-2022,21.37000084,21.68000031,19.96999931,19.96999931
04-10-2022,19.56999969,21.37000084,19.45000076,21.37000084
06-10-2022,19.31999969,20.02000046,18.59000015,19.56999969
07-10-2022,18.80999947,19.72999954,18.69000053,19.31999969
10-10-2022,19.62000084,20.34000015,18.80999947,18.80999947
11-10-2022,20.48999977,20.81999969,19.09000015,19.62000084
12-10-2022,20.18000031,20.88999939,19.88999939,20.48999977
13-10-2022,20.29000092,20.94000053,18.39999962,20.18000031
14-10-2022,18.26000023,20.62999916,18.07999992,20.29000092
17-10-2022,18.42000008,19.07999992,18.26000023,18.26000023
18-10-2022,17.45000076,18.42000008,16.57999992,18.42000008
19-10-2022,17.48999977,17.55999947,16.22999954,17.45000076
20-10-2022,17.22999954,17.76000023,15.56999969,17.48999977
21-10-2022,17.28000069,17.43000031,16.59000015,17.22999954
24-10-2022,17.42000008,17.67000008,17.06999969,17.28000069
25-10-2022,16.87999916,17.62000084,16.48999977,17.42000008
27-10-2022,16.60000038,17.06999969,14.78999996,16.87999916
28-10-2022,15.92000008,17.04000092,15.85000038,16.60000038
31-10-2022,15.80000019,16.62999916,15.06999969,15.92000008
01-11-2022,16.12999916,16.20000076,15.10999966,15.80000019
02-11-2022,16.65999985,16.86000061,14.68000031,16.12999916
03-11-2022,15.93999958,16.72999954,14.98999977,16.65999985
04-11-2022,15.65999985,16.20999908,15.47999954,15.93999958
07-11-2022,15.59000015,16.36000061,15.27999973,15.65999985
09-11-2022,15.92000008,16.06999969,15.02000046,15.59000015
10-11-2022,15.56999969,16.29000092,15.48999977,15.92000008
11-11-2022,14.40999985,15.56999969,14.27999973,15.56999969
14-11-2022,14.90999985,15.27000046,12.56000042,14.40999985
15-11-2022,14.64000034,15.02000046,13.82999992,14.90999985
16-11-2022,15.10000038,15.52999973,13.93000031,14.64000034
17-11-2022,14.88000011,16.26000023,13.09000015,15.10000038
18-11-2022,14.39000034,15.68999958,13.85999966,14.88000011
21-11-2022,14.80000019,15.55000019,13.35999966,14.39000034
22-11-2022,13.84000015,16.27000046,13.31999969,14.80000019
23-11-2022,14.03999996,14.32999992,11.88000011,13.84000015
24-11-2022,13.47999954,14.03999996,13,14.03999996
25-11-2022,13.32999992,15.77000046,12.77000046,13.47999954
28-11-2022,13.56999969,14.06000042,12.40999985,13.32999992
29-11-2022,13.61999989,14.61999989,12.40999985,13.56999969
30-11-2022,13.81000042,14.05000019,12.75,13.61999989
01-12-2022,13.35999966,14.22999954,12.98999977,13.81000042
02-12-2022,13.44999981,14.09000015,12.96000004,13.35999966
05-12-2022,13.72999954,14.42000008,13.44999981,13.44999981
06-12-2022,14.03999996,14.25,12.18000031,13.72999954
07-12-2022,14.07999992,14.46000004,13.80000019,14.03999996
08-12-2022,13.39999962,14.89000034,13.26000023,14.07999992
09-12-2022,13.47999954,13.96000004,11.90999985,13.39999962
12-12-2022,13.31999969,14.14999962,12.52999973,13.47999954
13-12-2022,12.88000011,13.57999992,11.43000031,13.31999969
14-12-2022,12.89000034,13.07999992,11.52999973,12.88000011
15-12-2022,13.72999954,13.88000011,12.59000015,12.89000034
16-12-2022,14.06999969,14.22000027,12.48999977,13.72999954
19-12-2022,13.55000019,14.48999977,13.5,14.06999969
20-12-2022,13.77999973,14.92000008,13.03999996,13.55000019
21-12-2022,15.56000042,16.01000023,12.46000004,13.77999973
22-12-2022,15.18999958,16.29999924,14.43999958,15.56000042
23-12-2022,16.15999985,16.47999954,14.47999954,15.18999958
27-12-2022,15.28999996,16.12999916,14.93000031,15.93000031
28-12-2022,15.39999962,15.64999962,15.27000046,15.28999996
29-12-2022,14.81000042,15.77000046,14.71000004,15.39999962
30-12-2022,14.86999989,15.11999989,14.27999973,14.81000042
02-01-2023,14.68999958,15.44999981,14.56999969,14.86999989
03-01-2023,14.39000034,14.98999977,14.31000042,14.68999958
04-01-2023,15.19999981,15.68000031,14.32999992,14.39000034
05-01-2023,14.97999954,15.60000038,14.81000042,15.19999981
06-01-2023,15.02999973,15.43999958,14.61999989,14.97999954
09-01-2023,14.64999962,15.38000011,14.52999973,15.02999973
10-01-2023,15.51000023,15.93999958,14.56000042,14.64999962
11-01-2023,15.43999958,16.22999954,15.11999989,15.51000023
12-01-2023,15.27999973,16.04000092,14.42000008,15.43999958
13-01-2023,14.46000004,15.60000038,14.39999962,15.27999973
16-01-2023,15.02000046,15.35999966,14.46000004,14.46000004
17-01-2023,14.59000015,15.31000042,13.84000015,15.02000046
18-01-2023,14.36999989,14.75,12.47000027,14.59000015
19-01-2023,13.96000004,14.82999992,13.89000034,14.36999989
20-01-2023,13.78999996,14.18999958,11.64000034,13.96000004
23-01-2023,13.61999989,14.26000023,13.47999954,13.78999996
24-01-2023,13.65999985,13.81000042,13.30000019,13.61999989
25-01-2023,14.65999985,15.42000008,13.52000046,13.65999985
27-01-2023,17.31999969,18.01000023,14.57999992,14.65999985
30-01-2023,17.70999908,19.38999939,17.29000092,17.31999969
31-01-2023,16.87999916,18.37000084,16.56999969,17.70999908
01-02-2023,16.78000069,18.54000092,14.85000038,16.87999916
02-02-2023,15.72999954,17.77000046,15.51000023,16.78000069
03-02-2023,14.39999962,15.76000023,14.27000046,15.72999954
06-02-2023,14.68999958,15.21000004,14.18999958,14.39999962
07-02-2023,14.13000011,14.88000011,13.67000008,14.68999958
08-02-2023,13.60000038,14.25,13.53999996,14.13000011
09-02-2023,13.03999996,13.81999969,12.06000042,13.60000038
10-02-2023,12.75,13.27999973,12.21000004,13.03999996
13-02-2023,13.68000031,14.10000038,11.82999992,12.75
14-02-2023,13.44999981,13.68000031,12.44999981,13.68000031
15-02-2023,12.85999966,13.44999981,11.27999973,13.44999981
16-02-2023,12.89000034,13.15999985,10.17000008,12.85999966
17-02-2023,13.09000015,13.52000046,10.80000019,12.89000034
20-02-2023,13.38000011,13.71000004,10.92000008,13.09000015
21-02-2023,14.01000023,14.30000019,13.38000011,13.38000011
22-02-2023,15.59000015,15.92000008,12.38000011,14.01000023
23-02-2023,15.07999992,16.01000023,14.52000046,15.59000015
24-02-2023,14.18999958,15.14000034,14.01000023,15.07999992
27-02-2023,13.88000011,15.10000038,13.75,14.18999958
28-02-2023,14.02000046,14.56999969,13.5,13.88000011
01-03-2023,13,14.02000046,12.27999973,14.02000046
02-03-2023,12.97000027,13.55000019,11.10000038,13
03-03-2023,12.18000031,12.97000027,11.97999954,12.97000027
06-03-2023,12.27000046,12.47000027,11.84000015,12.18000031
08-03-2023,12.44999981,12.85000038,11.89999962,12.27000046
09-03-2023,12.72999954,12.84000015,11.77999973,12.44999981
10-03-2023,13.40999985,13.81999969,12.72999954,12.72999954
13-03-2023,16.21999931,16.43000031,13.40999985,13.40999985
14-03-2023,16.21999931,16.63999939,15,16.21999931
15-03-2023,16.29999924,16.51000023,14.52000046,16.21999931
16-03-2023,16.21999931,17.36000061,13.94999981,16.29999924
17-03-2023,14.77000046,16.21999931,14.60000038,16.21999931
20-03-2023,16.01000023,17.21999931,14.52000046,14.77000046
21-03-2023,15.07999992,16.04000092,14.07999992,16.01000023
22-03-2023,14.81000042,15.09000015,14.23999977,15.07999992
23-03-2023,14.48999977,15.06000042,13.89999962,14.81000042
24-03-2023,15.23999977,15.43000031,14.19999981,14.48999977
27-03-2023,15.44999981,16.09000015,15.10000038,15.23999977
28-03-2023,15.10000038,15.60999966,14.86999989,15.44999981
29-03-2023,13.63000011,15.10000038,13.31999969,15.10000038
31-03-2023,12.93999958,13.63000011,12.06999969,13.63000011
03-04-2023,12.59000015,13.48999977,12.47000027,12.93999958
05-04-2023,12.40999985,12.81000042,12.05000019,12.59000015
06-04-2023,11.80000019,12.56999969,11.64999962,12.40999985
10-04-2023,12.27000046,12.56000042,11.80000019,11.80000019
11-04-2023,11.97999954,12.27000046,11.67000008,12.27000046
12-04-2023,12.27000046,12.39999962,11.97999954,11.97999954
13-04-2023,11.90999985,12.51000023,11.84000015,12.27000046
17-04-2023,12.27000046,13.27000046,11.90999985,11.90999985
18-04-2023,12.07999992,12.52999973,11.85999966,12.27000046
19-04-2023,12.14999962,12.47000027,11.10999966,12.07999992
20-04-2023,11.93999958,12.39999962,11.57999992,12.14999962
21-04-2023,11.63000011,12.03999996,11.52000046,11.93999958
24-04-2023,11.67000008,12.21000004,11.57999992,11.63000011
25-04-2023,11.52000046,11.81000042,11.43000031,11.67000008
26-04-2023,11.64999962,11.89999962,11.30000019,11.52000046
27-04-2023,11.43000031,12.02000046,10.96000004,11.64999962
28-04-2023,10.94999981,11.53999996,10.78999996,11.43000031
02-05-2023,11.89999962,12.06000042,10.94999981,10.94999981
03-05-2023,11.84000015,12.25,11.13000011,11.89999962
04-05-2023,11.72999954,12.02999973,11.18999958,11.84000015
05-05-2023,12.30000019,12.38000011,11.52999973,11.72999954
08-05-2023,12.64000034,12.90999985,11.72000027,12.30000019
09-05-2023,12.68000031,12.81999969,11.65999985,12.64000034
10-05-2023,13.07999992,13.30000019,11.53999996,12.68000031
11-05-2023,13.22000027,13.73999977,12.81999969,13.07999992
12-05-2023,12.85000038,13.51000023,12.73999977,13.22000027
15-05-2023,13.17000008,13.61999989,12.53999996,12.85000038
16-05-2023,13.28999996,13.48999977,11.71000004,13.17000008
17-05-2023,13.10999966,13.57999992,11.89999962,13.28999996
18-05-2023,12.80000019,13.10999966,11.14000034,13.10999966
19-05-2023,12.30000019,12.81999969,11.68999958,12.80000019
22-05-2023,12.56999969,12.81999969,11.56000042,12.30000019
23-05-2023,12.60999966,13.07999992,12.31999969,12.56999969
24-05-2023,13.10999966,13.43999958,12.40999985,12.60999966
25-05-2023,12.52000046,13.13000011,8.180000305,13.10999966
26-05-2023,11.89999962,12.85999966,11.69999981,12.52000046
29-05-2023,12.30000019,12.48999977,8.81000042,11.89999962
30-05-2023,12.01000023,12.38000011,11.77000046,12.30000019
31-05-2023,11.97000027,12.47000027,11.57999992,12.01000023
01-06-2023,11.60000038,11.97000027,11.22000027,11.97000027
02-06-2023,11.13000011,11.73999977,10.85999966,11.60000038
05-06-2023,11.14000034,11.34000015,10.31999969,11.13000011
06-06-2023,11.38000011,11.61999989,10.47000027,11.14000034
07-06-2023,11.43999958,11.53999996,9.640000343,11.38000011
08-06-2023,11.26000023,11.56999969,10.13000011,11.43999958
09-06-2023,11.11999989,11.30000019,10.31000042,11.26000023
12-06-2023,11.25,11.80000019,10.57999992,11.11999989
13-06-2023,11.10999966,11.25,9.989999771,11.25
14-06-2023,11.15999985,11.36999989,10.63000011,11.10999966
15-06-2023,11.07999992,11.36999989,9.68999958,11.15999985
16-06-2023,10.84000015,11.07999992,10.56000042,11.07999992
19-06-2023,11.22999954,11.5,10.32999992,10.84000015
20-06-2023,11.13000011,11.43999958,10.56999969,11.22999954
21-06-2023,11.28999996,11.43000031,10.77000046,11.13000011
22-06-2023,11.55000019,11.71000004,10.68999958,11.28999996
23-06-2023,11.23999977,11.84000015,11.14000034,11.55000019
26-06-2023,11.39999962,11.93000031,11.23999977,11.23999977
27-06-2023,10.77999973,11.42000008,10.68999958,11.39999962
28-06-2023,10.89000034,11.53999996,10.64999962,10.77999973
30-06-2023,10.80000019,11.22000027,10.06999969,10.89000034
03-07-2023,11.53999996,12.02999973,10.80000019,10.80000019
04-07-2023,11.69999981,11.98999977,11.52000046,11.53999996
05-07-2023,11.88000011,12.21000004,11.56999969,11.69999981
06-07-2023,11.84000015,12.21000004,11.77999973,11.88000011
07-07-2023,11.52999973,12.06999969,11.07999992,11.84000015
10-07-2023,11.46000004,12.01000023,11.35999966,11.52999973
11-07-2023,11.01000023,11.46000004,10.94999981,11.46000004
12-07-2023,10.93999958,11.19999981,10.72000027,11.01000023
13-07-2023,10.93999958,11.17000008,10.69999981,10.93999958
14-07-2023,10.68000031,10.93999958,10.60999966,10.93999958
17-07-2023,11.31999969,11.39999962,9.859999657,10.68000031
18-07-2023,11.71000004,12.02000046,11.06999969,11.31999969
19-07-2023,11.60000038,11.93999958,11.53999996,11.71000004
20-07-2023,11.78999996,12.26000023,11.36999989,11.60000038
21-07-2023,11.48999977,12.02999973,11.06000042,11.78999996
24-07-2023,11.64999962,12,10.53999996,11.48999977
25-07-2023,10.23999977,11.64999962,10.10999966,11.64999962
26-07-2023,10.46000004,10.85999966,10.22000027,10.23999977
27-07-2023,10.51000023,10.97999954,9.890000343,10.46000004
28-07-2023,10.14000034,10.81000042,10.03999996,10.51000023
31-07-2023,10.40999985,11.18999958,10.14000034,10.14000034
01-08-2023,10.27999973,10.69999981,10.19999981,10.40999985
02-08-2023,11.27999973,11.81000042,9.949999809,10.27999973
03-08-2023,11.18999958,11.96000004,10.97999954,11.27999973
04-08-2023,10.56999969,11.18999958,10.47999954,11.18999958
07-08-2023,11.10000038,11.42000008,10.39999962,10.56999969
08-08-2023,11.32999992,11.52999973,11.10000038,11.10000038
09-08-2023,11.14000034,11.77000046,10.48999977,11.32999992
10-08-2023,11.39999962,11.90999985,10.63000011,11.14000034
11-08-2023,11.52000046,11.86999989,11.35999966,11.39999962
14-08-2023,12,12.76000023,10.47999954,11.52000046
16-08-2023,12.13000011,12.68000031,12,12
17-08-2023,12.23999977,12.67000008,12.10999966,12.13000011
18-08-2023,12.14000034,12.48999977,10.78999996,12.23999977
21-08-2023,11.96000004,12.59000015,11.17000008,12.14000034
22-08-2023,11.75,12.09000015,11.59000015,11.96000004
23-08-2023,11.72999954,11.89000034,10.31000042,11.75
24-08-2023,11.69999981,12.23999977,10.19999981,11.72999954
25-08-2023,12.07999992,12.23999977,9.979999542,11.69999981
28-08-2023,12.39999962,12.72000027,9.5,12.07999992
29-08-2023,12.22999954,12.46000004,10.64999962,12.39999962
30-08-2023,11.80000019,12.23999977,11.46000004,12.22999954
31-08-2023,12.06000042,12.27999973,11.76000023,11.80000019
01-09-2023,11.36999989,12.18000031,10.40999985,12.06000042
04-09-2023,10.96000004,11.53999996,10.85999966,11.36999989
05-09-2023,10.81999969,11.09000015,9.369999886,10.96000004
06-09-2023,10.68000031,10.97999954,9.81000042,10.81999969
07-09-2023,10.86999989,11.02999973,9.800000191,10.68000031
08-09-2023,10.77999973,10.97000027,10.07999992,10.86999989
11-09-2023,11.35000038,11.5,10.34000015,10.77999973
12-09-2023,11.68999958,12.02000046,10.71000004,11.35000038
13-09-2023,11.82999992,12.05000019,11.53999996,11.68999958
14-09-2023,11.31999969,12.03999996,11.21000004,11.82999992
15-09-2023,10.89999962,11.31999969,10.06999969,11.31999969
18-09-2023,10.84000015,11.40999985,10.44999981,10.89999962
20-09-2023,11.13000011,11.47000027,10.84000015,10.84000015
21-09-2023,10.81999969,11.39000034,10.61999989,11.13000011
22-09-2023,10.65999985,11.06999969,10.39000034,10.81999969
25-09-2023,10.89999962,11.31000042,10.27000046,10.65999985
26-09-2023,11.18999958,11.28999996,9.25,10.89999962
27-09-2023,11.59000015,11.81999969,9.390000343,11.18999958
28-09-2023,12.81999969,13.02000046,9.399999619,11.59000015
29-09-2023,11.44999981,12.81999969,11.31000042,12.81999969
03-10-2023,11.78999996,12.40999985,10.77999973,11.44999981
04-10-2023,11.65999985,12.22000027,11.11999989,11.78999996
05-10-2023,10.93999958,11.65999985,10.84000015,11.65999985
06-10-2023,10.30000019,10.93999958,9.729999542,10.93999958
09-10-2023,11.39999962,11.63000011,10.11999989,10.30000019
10-10-2023,11.27000046,11.39999962,10.85999966,11.39999962
11-10-2023,10.98999977,11.31999969,10.39000034,11.27000046
12-10-2023,10.61999989,11.11999989,10.56999969,10.98999977
13-10-2023,10.61999989,11.02999973,10.39999962,10.61999989
16-10-2023,11.06999969,11.14999962,9.149999619,10.61999989
17-10-2023,10.69999981,11.06999969,10.43000031,11.06999969
18-10-2023,10.97000027,11.17000008,10.48999977,10.69999981
19-10-2023,10.89999962,11.21000004,10.05000019,10.97000027
20-10-2023,10.81999969,11.09000015,10.06999969,10.89999962
23-10-2023,10.90999985,11.35999966,8.819999695,10.81999969
25-10-2023,11.31000042,12.18000031,9.970000267,10.90999985
26-10-2023,11.72999954,12.69999981,11.31000042,11.31000042
27-10-2023,10.90999985,12.31000042,10.67000008,11.72999954
30-10-2023,11.48999977,12.18999958,10.90999985,10.90999985
31-10-2023,11.82999992,12.28999996,11.26000023,11.48999977
01-11-2023,12.05000019,12.19999981,11.82999992,11.82999992
02-11-2023,11.07999992,12.05000019,10.94999981,12.05000019
03-11-2023,10.88000011,11.07999992,10.64000034,11.07999992
06-11-2023,11.10999966,11.27999973,10.38000011,10.88000011
07-11-2023,11.18999958,12.18000031,11,11.10999966
08-11-2023,11.03999996,11.32999992,10.63000011,11.18999958
09-11-2023,10.97999954,11.25,10.36999989,11.03999996
10-11-2023,11.10999966,11.35999966,9.859999657,10.97999954
13-11-2023,11.18999958,11.63000011,10.5,11.35000038
15-11-2023,11.14000034,11.42000008,8.399999619,11.18999958
16-11-2023,11.64999962,11.81000042,10.61999989,11.14000034
17-11-2023,11.82999992,12.09000015,10.18999958,11.64999962
20-11-2023,12.14999962,12.67000008,11.19999981,11.82999992
21-11-2023,12.22999954,12.43999958,10.76000023,12.14999962
22-11-2023,11.86999989,12.71000004,11.02000046,12.22999954
23-11-2023,11.31999969,12.14000034,10.97999954,11.86999989
24-11-2023,11.32999992,11.47000027,8.680000305,11.31999969
28-11-2023,12.18000031,12.48999977,11.06999969,11.32999992
29-11-2023,12.71000004,14.46000004,11.32999992,12.18000031
30-11-2023,12.68999958,13.35000038,11.76000023,12.71000004
01-12-2023,12.38000011,12.76000023,11.77999973,12.68999958
04-12-2023,12.98999977,13.15999985,11.34000015,12.38000011
05-12-2023,13.46000004,13.88000011,11.47999954,12.98999977
06-12-2023,13.73999977,14.09000015,12.68999958,13.46000004
07-12-2023,12.67000008,13.73999977,12.55000019,13.73999977
08-12-2023,12.47000027,12.88000011,12.14000034,12.67000008
11-12-2023,12.76000023,13.11999989,12.22999954,12.47000027
12-12-2023,12.71000004,12.86999989,11.68999958,12.76000023
13-12-2023,12.06999969,12.81999969,11.53999996,12.71000004
14-12-2023,12.31999969,12.51000023,11,12.06999969
15-12-2023,13.13000011,13.34000015,10.80000019,12.31999969
18-12-2023,13.89999962,14.11999989,13.13000011,13.13000011
19-12-2023,13.86999989,14.11999989,13.55000019,13.89999962
20-12-2023,14.44999981,14.86999989,12.77999973,13.86999989
21-12-2023,13.76000023,15.01000023,12.27999973,14.44999981
22-12-2023,13.71000004,13.98999977,12.22999954,13.76000023
26-12-2023,14.68000031,14.94999981,13.71000004,13.71000004
27-12-2023,15.56000042,15.72999954,14.47000027,14.68000031
28-12-2023,15.14000034,16.46999931,14.96000004,15.56000042
29-12-2023,14.5,15.43000031,14.36999989,15.14000034
02-01-2024,14.57999992,15.07999992,14.23999977,14.68000031
03-01-2024,14.10000038,14.77999973,14.02000046,14.57999992
04-01-2024,13.32999992,14.21000004,13.21000004,14.10000038
05-01-2024,12.63000011,13.47000027,12.48999977,13.32999992
08-01-2024,13.46000004,13.60000038,12.63000011,12.63000011
09-01-2024,13.26000023,13.51000023,12.77999973,13.46000004
10-01-2024,12.97000027,14.56000042,12.81000042,13.26000023
11-01-2024,12.77000046,13.18999958,12.63000011,12.97000027
12-01-2024,13.10000038,13.28999996,12.42000008,12.77000046
15-01-2024,13.78999996,13.89000034,11.78999996,13.10000038
16-01-2024,13.56999969,14.03999996,12.48999977,13.78999996
17-01-2024,15.07999992,15.22999954,12.72000027,13.56999969
18-01-2024,14.06999969,15.71000004,12.97999954,15.07999992
19-01-2024,13.88000011,14.10999966,13.68000031,14.06999969
23-01-2024,14.85000038,15.40999985,12.19999981,13.80000019
24-01-2024,14.38000011,15.64999962,14.02999973,14.85000038
25-01-2024,13.86999989,15.34000015,13.35999966,14.38000011
29-01-2024,15.68000031,15.85000038,13.80000019,13.86999989
30-01-2024,16.10000038,16.57999992,14.98999977,15.68000031
31-01-2024,16.04999924,16.53000069,15.80000019,16.10000038
01-02-2024,14.46000004,16.11000061,14.35999966,16.04999924
02-02-2024,14.69999981,15.13000011,14.02999973,14.46000004
05-02-2024,15.61999989,16.04999924,14.69999981,14.69999981
06-02-2024,15.78999996,15.97999954,15.09000015,15.61999989
07-02-2024,15.51000023,16.02000046,14.73999977,15.78999996
08-02-2024,15.82999992,16.03000069,15.23999977,15.51000023
09-02-2024,15.44999981,16.32999992,15.27000046,15.82999992
12-02-2024,16.05999947,16.54000092,15.44999981,15.44999981
13-02-2024,15.81000042,16.56999969,15.75,16.05999947
14-02-2024,15.43999958,16.20000076,15.34000015,15.81000042
15-02-2024,15.22999954,15.65999985,15.10999966,15.43999958
16-02-2024,15.22000027,15.55000019,14.89999962,15.22999954
20-02-2024,16.06999969,16.36000061,14.21000004,16.02000046
21-02-2024,15.93000031,16.30999947,15.68000031,16.06999969
22-02-2024,15.19999981,16.14999962,15.13000011,15.93000031
23-02-2024,14.97000027,15.43999958,14.84000015,15.19999981
26-02-2024,15.60000038,15.96000004,13.76000023,14.97000027
27-02-2024,15.72999954,16,15.52999973,15.60000038
28-02-2024,16.32999992,16.73999977,15.31000042,15.72999954
29-02-2024,15.56999969,16.54999924,15.36999989,16.32999992
01-03-2024,15.23999977,15.64000034,15,15.56999969
04-03-2024,14.92000008,15.30000019,14.81999969,14.98999977
05-03-2024,14.38000011,15.17000008,14.18000031,14.92000008
06-03-2024,14.30000019,14.71000004,13.90999985,14.38000011
07-03-2024,13.60999966,14.43000031,13.56000042,14.30000019
11-03-2024,14,14.55000019,13.60999966,13.60999966
12-03-2024,13.64000034,14.19999981,13.57999992,14
13-03-2024,14.43000031,15.01000023,13.52999973,13.64000034
14-03-2024,13.61999989,14.68000031,13.52000046,14.43000031
15-03-2024,13.68999958,14.32999992,13.59000015,13.61999989
18-03-2024,13.89999962,14.61999989,13.68999958,13.68999958
19-03-2024,14.10999966,14.44999981,13.88000011,13.89999962
20-03-2024,13.47000027,14.27999973,13.09000015,14.10999966
21-03-2024,12.51000023,13.47000027,12.34000015,13.47000027
22-03-2024,12.22000027,13.05000019,11.81000042,12.51000023
26-03-2024,12.81999969,13.10000038,12.09000015,12.22000027
27-03-2024,12.69999981,13.01000023,12.52999973,12.81999969
28-03-2024,12.82999992,13.18000031,12.26000023,12.69999981
01-04-2024,12.07999992,13.35999966,12.01000023,12.82999992
02-04-2024,11.64999962,12.31000042,11.60000038,12.07999992
03-04-2024,11.36999989,11.82999992,11.31000042,11.64999962
04-04-2024,11.22000027,11.84000015,10.85999966,11.36999989
05-04-2024,11.34000015,11.68000031,11.03999996,11.22000027
08-04-2024,11.60999966,11.73999977,11.13000011,11.34000015
09-04-2024,11.35999966,11.60999966,10.61999989,11.60999966
10-04-2024,11.10999966,11.35999966,10.98999977,11.35999966
12-04-2024,11.52999973,11.60999966,11.10999966,11.10999966
15-04-2024,12.47000027,12.73999977,11.31000042,11.52999973
16-04-2024,12.61999989,12.93000031,12.34000015,12.47000027
18-04-2024,13.03999996,13.39000034,12.02999973,12.61999989
19-04-2024,13.46000004,14.40999985,11.92000008,13.03999996
22-04-2024,12.69999981,13.46000004,12.60999966,13.46000004
23-04-2024,10.19999981,12.69999981,9.859999657,12.69999981
24-04-2024,10.27999973,11.13000011,9.949999809,10.19999981
25-04-2024,10.72999954,11.46000004,10.26000023,10.27999973
26-04-2024,10.93000031,11.31999969,10.59000015,10.72999954
29-04-2024,12.23999977,12.48999977,10.93000031,10.93000031
30-04-2024,12.86999989,13.21000004,12.23999977,12.23999977
02-05-2024,13.44999981,13.94999981,12.86999989,12.86999989
03-05-2024,14.61999989,15.31000042,13.44999981,13.44999981
06-05-2024,16.60000038,16.95999908,14.61999989,14.61999989
07-05-2024,17.01000023,17.63999939,16.60000038,16.60000038
08-05-2024,17.07999992,18.31999969,16.45999908,17.01000023
09-05-2024,18.20000076,19.17000008,17.07999992,17.07999992
10-05-2024,18.46999931,19.01000023,18,18.20000076
13-05-2024,20.60000038,21.48999977,18.46999931,18.46999931
14-05-2024,20.20000076,21.87999916,20.11000061,20.60000038
15-05-2024,20.27000046,20.65999985,19.87000084,20.20000076
16-05-2024,20,21.11000061,18.96999931,20.27000046
17-05-2024,19.79999924,20.37000084,18.97999954,20
21-05-2024,21.80999947,22.29999924,20.53000069,20.53000069
22-05-2024,21.46999931,22.29000092,18.18000031,21.80999947
23-05-2024,21.37999916,24.21999931,18.84000015,21.46999931
24-05-2024,21.70999908,21.89999962,20.59000015,21.37999916
27-05-2024,23.19000053,26.20000076,18.43000031,21.70999908
28-05-2024,24.20000076,24.47999954,22.03000069,23.19000053
29-05-2024,24.18000031,24.77000046,23.54999924,24.20000076
30-05-2024,24.18000031,24.52000046,22.75,24.18000031
31-05-2024,24.60000038,24.80999947,22.60000038,24.18000031
03-06-2024,20.94000053,24.60000038,19.11000061,24.60000038
04-06-2024,26.75,31.70999908,18.79999924,20.94000053
05-06-2024,18.88999939,26.93000031,18.65999985,26.75
06-06-2024,16.79999924,18.88999939,16.55999947,18.88999939
07-06-2024,16.87999916,17.14999962,16.37000084,16.79999924
10-06-2024,16.39999962,17.25,16.17000008,16.87999916
11-06-2024,14.77000046,16.39999962,14.68000031,16.39999962
12-06-2024,14.39000034,14.77000046,13.17000008,14.77000046
13-06-2024,13.48999977,14.39000034,13.31000042,14.39000034
14-06-2024,12.81999969,13.48999977,12.65999985,13.48999977
18-06-2024,12.97000027,13.42000008,12.63000011,12.81999969
19-06-2024,13.71000004,13.81999969,11.63000011,12.97000027
20-06-2024,13.35000038,14.06000042,13.10000038,13.71000004
21-06-2024,13.18000031,13.59000015,12.47999954,13.35000038
24-06-2024,14.06000042,14.27000046,13.14999962,13.18000031
25-06-2024,14.31000042,14.46000004,13.84000015,14.06000042
26-06-2024,14.05000019,14.55000019,13.98999977,14.31000042
27-06-2024,14.14999962,14.60999966,13.92000008,14.05000019
28-06-2024,13.80000019,14.28999996,13.68999958,14.14999962
01-07-2024,13.82999992,14.22999954,13.78999996,13.80000019
02-07-2024,13.64000034,14.01000023,13.31999969,13.82999992
03-07-2024,13.21000004,13.72000027,12.86999989,13.64000034
04-07-2024,12.85999966,13.21000004,12.26000023,13.21000004
05-07-2024,12.69999981,12.98999977,12.07999992,12.85999966
08-07-2024,13.60000038,13.76000023,12.69999981,12.69999981
09-07-2024,14.27999973,14.39999962,12.78999996,13.60000038
10-07-2024,14.43000031,14.92000008,13.40999985,14.27999973
11-07-2024,14,14.43000031,12.68000031,14.43000031
12-07-2024,13.72999954,14.05000019,13.22000027,14
15-07-2024,14.18999958,14.34000015,13.56999969,13.72999954
16-07-2024,14.22000027,14.59000015,13.80000019,14.18999958
18-07-2024,14.51000023,14.71000004,13.75,14.22000027
19-07-2024,14.82999992,14.97000027,12.73999977,14.51000023
22-07-2024,15.43999958,15.63000011,13.11999989,14.82999992
23-07-2024,12.75,16.06999969,12.59000015,15.43999958
24-07-2024,11.76000023,14.03999996,11.61999989,12.75
25-07-2024,12.61999989,13.22000027,11.27999973,11.76000023
26-07-2024,12.25,13.14000034,11.97999954,12.61999989
29-07-2024,12.94999981,13.26000023,12.02999973,12.25
30-07-2024,12.88000011,13.26000023,11.72000027,12.94999981
31-07-2024,13.25,13.39000034,11.61999989,12.88000011
01-08-2024,12.93000031,13.31000042,11.97999954,13.25
02-08-2024,14.31999969,14.51000023,11.68999958,12.93000031
05-08-2024,20.37000084,23.14999962,13.90999985,14.31999969
06-08-2024,18.73999977,20.37000084,14.86999989,20.37000084
07-08-2024,16.17000008,18.73999977,13.72000027,18.73999977
08-08-2024,16.60000038,17.22999954,14.38000011,16.17000008
09-08-2024,15.34000015,16.60000038,13.43000031,16.60000038
12-08-2024,15.86999989,16.55999947,13.39999962,15.34000015
13-08-2024,16.17000008,16.37999916,14.22000027,15.86999989
14-08-2024,15.43999958,16.21999931,13.81999969,16.17000008
16-08-2024,14.39999962,15.43999958,12.94999981,15.43999958
19-08-2024,14.31999969,14.82999992,13.19999981,14.39999962
20-08-2024,13.81999969,14.31999969,11.43000031,14.31999969
21-08-2024,13.32999992,14.05000019,11.81999969,13.81999969
22-08-2024,13,13.77999973,10.96000004,13.32999992
23-08-2024,13.55000019,13.61999989,10.84000015,13
26-08-2024,13.80000019,13.98999977,12.01000023,13.55000019
27-08-2024,13.63000011,14.01000023,12.71000004,13.80000019
28-08-2024,13.94999981,14.09000015,12.03999996,13.63000011
29-08-2024,13.78999996,14.14000034,12.47999954,13.94999981
30-08-2024,13.39000034,13.90999985,12.53999996,13.78999996
02-09-2024,14.06000042,14.25,12.63000011,13.39000034
03-09-2024,13.84000015,14.14999962,12.68999958,14.06000042
04-09-2024,14.38000011,14.56000042,12.81000042,13.84000015
05-09-2024,14.21000004,14.38000011,13.34000015,14.38000011
06-09-2024,15.22000027,15.67000008,12.35000038,14.21000004
09-09-2024,14.23999977,15.56000042,14.10999966,15.22000027
10-09-2024,13.35999966,14.23999977,12.17000008,14.23999977
11-09-2024,13.63000011,13.77000046,11.32999992,13.35999966
12-09-2024,13.18000031,13.63000011,11.14000034,13.63000011
13-09-2024,12.55000019,13.18000031,12.47000027,13.18000031
16-09-2024,12.46000004,12.96000004,12.31000042,12.55000019
17-09-2024,12.59000015,12.75,11.88000011,12.46000004
18-09-2024,13.36999989,13.85000038,12.26000023,12.59000015
19-09-2024,12.47000027,13.36999989,12.10000038,13.36999989
20-09-2024,12.78999996,13.10999966,10.89999962,12.47000027
23-09-2024,13.78999996,14.02999973,12.43000031,12.78999996
24-09-2024,13.39000034,14.10999966,12.73999977,13.78999996
25-09-2024,12.73999977,13.60999966,8.979999542,13.39000034
26-09-2024,12,12.73999977,11.35000038,12.73999977
27-09-2024,11.96000004,12.07999992,10.5,12
30-09-2024,12.78999996,13.23999977,11.60000038,11.96000004
01-10-2024,11.98999977,12.78999996,11.71000004,12.78999996
03-10-2024,13.17000008,13.93000031,11.68999958,11.98999977
04-10-2024,14.13000011,14.47999954,12.28999996,13.17000008
07-10-2024,15.07999992,15.5,13.61999989,14.13000011
08-10-2024,14.59000015,15.56000042,13.88000011,15.07999992
09-10-2024,14.11999989,14.59000015,12.69999981,14.59000015
10-10-2024,13.5,14.11999989,11.72999954,14.11999989
11-10-2024,13.22000027,13.69999981,11.53999996,13.5
14-10-2024,13,13.73999977,12.92000008,13.22000027
15-10-2024,13,13.35999966,10.92000008,13
16-10-2024,13.05000019,13.56000042,11.43999958,13
17-10-2024,13.39000034,13.47000027,11.06000042,13.05000019
18-10-2024,13.03999996,14.06000042,12.86999989,13.39000034
21-10-2024,13.76000023,14.19999981,12.55000019,13.03999996
22-10-2024,14.39999962,14.52000046,9.470000267,13.76000023
23-10-2024,14.61999989,15.02999973,11.73999977,14.39999962
24-10-2024,13.97000027,14.89999962,12.69999981,14.61999989
25-10-2024,14.63000011,15.07999992,13.35000038,13.97000027
28-10-2024,14.28999996,15.47999954,13.53999996,14.63000011
29-10-2024,14.52000046,15.02999973,13.56000042,14.28999996
30-10-2024,15.51000023,15.69999981,14.27999973,14.52000046
31-10-2024,15.55000019,16.23999977,14.64999962,15.51000023
01-11-2024,15.89999962,16.12999916,13.63000011,15.55000019
04-11-2024,16.69000053,17.60000038,14.77999973,15.89999962
05-11-2024,16.12000084,19.02000046,15.80000019,16.69000053
06-11-2024,14.86999989,20.75,14.71000004,16.12000084
07-11-2024,14.93999958,15.52000046,14.27000046,14.86999989
08-11-2024,14.47000027,15.72999954,14.39000034,14.93999958
11-11-2024,14.27000046,15.47000027,13.11999989,14.47000027
12-11-2024,14.59000015,14.84000015,12.73999977,14.27000046
13-11-2024,15.43999958,15.86999989,13.93000031,14.59000015
14-11-2024,14.77999973,15.68999958,13.40999985,15.43999958
18-11-2024,15.17000008,16.57999992,13.76000023,14.77999973
19-11-2024,15.65999985,16.18000031,12.72999954,15.17000008
21-11-2024,15.98999977,16.78000069,14.84000015,15.65999985
22-11-2024,16.10000038,18.67000008,12.75,15.98999977
25-11-2024,15.30000019,16.86000061,13.63000011,16.10000038
26-11-2024,15.31000042,16.26000023,13.86999989,15.30000019
27-11-2024,14.63000011,15.31000042,13.25,15.31000042
28-11-2024,15.21000004,15.56000042,14.27000046,14.63000011
29-11-2024,14.43000031,15.46000004,14.32999992,15.21000004
02-12-2024,14.69999981,15.07999992,13.31000042,14.43000031
03-12-2024,14.36999989,14.89000034,14.23999977,14.69999981
04-12-2024,14.44999981,14.80000019,14.10999966,14.36999989
05-12-2024,14.52999973,15.71000004,14.06000042,14.44999981
06-12-2024,14.14000034,15.02000046,14.05000019,14.52999973
09-12-2024,14.10999966,14.64000034,13.44999981,14.14000034
10-12-2024,13.77999973,14.67000008,13.69999981,14.10999966
11-12-2024,13.27000046,14.10999966,13.18000031,13.77999973
12-12-2024,13.18999958,13.39999962,12.94999981,13.27000046
13-12-2024,13.05000019,14.72000027,12.47000027,13.18999958
16-12-2024,14.02000046,14.51000023,13.05000019,13.05000019
17-12-2024,14.48999977,14.97999954,13.18000031,14.02000046
18-12-2024,14.36999989,15.23999977,14.27000046,14.48999977
19-12-2024,14.51000023,15.43999958,13.86999989,14.36999989
20-12-2024,15.06999969,15.55000019,14.39999962,14.51000023
23-12-2024,13.52000046,16.87999916,13.42000008,15.06999969
24-12-2024,13.18000031,15.02999973,12.97999954,13.52000046
26-12-2024,14.03999996,14.39000034,13.07999992,13.18000031
27-12-2024,13.23999977,14.23999977,13.03999996,14.03999996
30-12-2024,13.97000027,14.36999989,13.23999977,13.23999977
31-12-2024,14.44999981,14.64000034,13.97000027,13.97000027
02-01-2025,13.73999977,14.80000019,13.63000011,14.51000023
03-01-2025,13.53999996,13.97999954,13.22999954,13.73999977
06-01-2025,15.64999962,15.92000008,13.53999996,13.53999996
07-01-2025,14.65999985,15.64999962,14.35000038,15.64999962
08-01-2025,14.47000027,14.88000011,14.10000038,14.65999985
09-01-2025,14.65999985,14.89000034,13.75,14.47000027
10-01-2025,14.92000008,15.52000046,14.65999985,14.65999985
13-01-2025,16,16.18000031,14.44999981,14.92000008
14-01-2025,15.47000027,16,15.11999989,16
15-01-2025,15.26000023,15.65999985,15.19999981,15.47000027
16-01-2025,15.47000027,15.56999969,13.96000004,15.26000023
17-01-2025,15.75,16.37999916,14.05000019,15.47000027
20-01-2025,16.42000008,17.02000046,15.18000031,15.75
21-01-2025,17.05999947,17.45000076,15.19999981,16.42000008
22-01-2025,16.77000046,17.29999924,15.90999985,17.05999947
23-01-2025,16.70000076,17.07999992,15.67000008,16.77000046
24-01-2025,16.75,17.30999947,16.12000084,16.70000076
27-01-2025,18.12999916,18.52000046,16.75,16.75
28-01-2025,18.20000076,18.5,16.82999992,18.12999916
29-01-2025,18.63999939,19.01000023,17.29000092,18.20000076
30-01-2025,17.38999939,18.98999977,17.21999931,18.63999939
31-01-2025,16.25,17.94000053,16.11000061,17.38999939
03-02-2025,14.35000038,15.10999966,14.10000038,14.10000038
04-02-2025,14.02000046,15.13000011,13.67000008,14.35000038
05-02-2025,14.07999992,14.30000019,13.5,14.02000046
06-02-2025,14.18000031,14.64000034,13.14999962,14.07999992
07-02-2025,13.68999958,14.51000023,13.55000019,14.18000031
10-02-2025,14.44999981,14.72000027,13.68999958,13.68999958
11-02-2025,14.86999989,15.43000031,13.85000038,14.44999981
12-02-2025,14.89999962,15.61999989,14.60999966,14.86999989
13-02-2025,14.96000004,15.47000027,12.19999981,14.89999962
14-02-2025,15.02000046,15.68000031,14.35999966,14.96000004
17-02-2025,15.72000027,16.30999947,14.5,15.02000046
18-02-2025,15.67000008,16.31999969,14.77999973,15.72000027
19-02-2025,15.42000008,16.02000046,14.75,15.67000008
20-02-2025,14.68000031,15.89999962,14.64000034,15.42000008
21-02-2025,14.52999973,15.23999977,12.07999992,14.68000031
24-02-2025,14.43999958,15.57999992,14.36999989,14.52999973
25-02-2025,13.72000027,15.07999992,13.60999966,14.43999958
27-02-2025,13.31000042,14.01000023,12.90999985,13.72000027
28-02-2025,13.90999985,14.11999989,13.22999954,13.31000042
03-03-2025,13.76000023,14.35999966,13.56999969,13.90999985
04-03-2025,13.82999992,14.19999981,13.36999989,13.76000023
05-03-2025,13.67000008,14.13000011,13.10000038,13.82999992
06-03-2025,13.72999954,14.18000031,13.27999973,13.67000008
07-03-2025,13.47000027,13.85999966,13.32999992,13.72999954
10-03-2025,13.98999977,14.21000004,13.47000027,13.47000027
11-03-2025,14.06999969,14.5,13.68000031,13.98999977
12-03-2025,13.68999958,14.36999989,13.64000034,14.06999969
13-03-2025,13.27999973,13.93000031,13.22000027,13.68999958
17-03-2025,13.42000008,14.10000038,13.27999973,13.27999973
18-03-2025,13.21000004,13.64999962,11.34000015,13.42000008
19-03-2025,13.30000019,13.56999969,12.59000015,13.21000004
20-03-2025,12.60000038,13.30000019,12.51000023,13.30000019
21-03-2025,12.57999992,12.84000015,10.69999981,12.60000038
24-03-2025,13.69999981,13.94999981,12.57999992,12.57999992
25-03-2025,13.64000034,14.47999954,13.48999977,13.69999981
26-03-2025,13.47000027,13.92000008,13.31000042,13.64000034
27-03-2025,13.30000019,13.85000038,12.97999954,13.47000027
28-03-2025,12.72000027,13.60999966,12.56999969,13.30000019
01-04-2025,13.77999973,14.05000019,12.72000027,12.72000027
02-04-2025,13.72000027,14.14000034,13.51000023,13.77999973
03-04-2025,13.60000038,14.10999966,13.40999985,13.72000027
04-04-2025,13.76000023,14.25,13.39999962,13.60000038
07-04-2025,22.79000092,23.19000053,13.76000023,13.76000023
08-04-2025,20.44000053,22.79000092,19.37999916,22.79000092
09-04-2025,21.43000031,21.75,19.70000076,20.44000053
11-04-2025,20.11000061,21.43000031,18.86000061,21.43000031
15-04-2025,16.12999916,20.11000061,15.97000027,20.11000061
16-04-2025,15.86999989,16.12999916,15.11999989,16.12999916
17-04-2025,15.47000027,16.45999908,15.09000015,15.86999989
21-04-2025,15.52000046,16.32999992,14.22000027,15.47000027
22-04-2025,15.22999954,16.01000023,14.53999996,15.52000046
23-04-2025,15.96000004,16.52000046,12.84000015,15.22999954
24-04-2025,16.25,16.76000023,15.55000019,15.96000004
25-04-2025,17.15999985,17.57999992,15.92000008,16.25
28-04-2025,16.94000053,18.06999969,16.62000084,17.15999985
29-04-2025,17.37000084,17.59000015,16.06999969,16.94000053
30-04-2025,18.21999931,18.55999947,15.98999977,17.37000084
02-05-2025,18.26000023,18.86000061,17.35000038,18.21999931
05-05-2025,18.34000015,18.79999924,18.06999969,18.26000023
06-05-2025,19,19.29999924,17.98999977,18.34000015
07-05-2025,19.05999947,19.72999954,18.36000061,19
08-05-2025,21.01000023,21.88999939,18.14999962,19.05999947
09-05-2025,21.62999916,22.75,21,21.01000023
12-05-2025,18.38999939,21.62999916,17.20999908,21.62999916
13-05-2025,18.20000076,18.89999962,17.88999939,18.38999939
14-05-2025,17.22999954,19.23999977,17.07999992,18.20000076
15-05-2025,16.88999939,17.67000008,16.71999931,17.22999954
16-05-2025,16.54999924,17.05999947,16.21999931,16.88999939
19-05-2025,17.36000061,17.45000076,15.82999992,16.54999924
20-05-2025,17.38999939,17.65999985,15.97000027,17.36000061
21-05-2025,17.54999924,18,17.04000092,17.38999939
22-05-2025,17.26000023,18.20000076,16.70000076,17.54999924
23-05-2025,17.28000069,17.52000046,15.48999977,17.26000023
26-05-2025,18.02000046,18.40999985,16.05999947,17.28000069
27-05-2025,18.54000092,19.18000031,17.42000008,18.02000046
28-05-2025,18.02000046,19.04000092,17.87999916,18.54000092
29-05-2025,16.42000008,18.02000046,16.20999908,18.02000046
30-05-2025,16.07999992,16.54999924,15.28999996,16.42000008
02-06-2025,17.15999985,17.72999954,16.07999992,16.07999992
03-06-2025,16.55999947,17.72999954,16.26000023,17.15999985
04-06-2025,15.75,17.05999947,15.63000011,16.55999947
05-06-2025,15.07999992,15.93000031,14.97999954,15.75
06-06-2025,14.63000011,15.60999966,14.36999989,15.07999992
09-06-2025,14.68999958,15.52000046,14.63000011,14.63000011
10-06-2025,14.02000046,14.73999977,13.93000031,14.68999958
11-06-2025,13.67000008,14.15999985,13.56000042,14.02000046
12-06-2025,14.02000046,14.27000046,13.13000011,13.67000008
13-06-2025,15.07999992,15.97999954,14.02000046,14.02000046
16-06-2025,14.84000015,15.47000027,14.55000019,15.07999992
17-06-2025,14.39999962,15.02000046,14.30000019,14.84000015
18-06-2025,14.27999973,14.81999969,14.10999966,14.39999962
19-06-2025,14.26000023,14.36999989,13.73999977,14.27999973
20-06-2025,13.67000008,14.26000023,13.31999969,14.26000023
23-06-2025,14.05000019,14.52000046,13.65999985,13.67000008
24-06-2025,13.64000034,14.34000015,13.31000042,14.05000019
25-06-2025,12.96000004,13.64000034,12.89999962,13.64000034
26-06-2025,12.59000015,13.32999992,12.52000046,12.96000004
27-06-2025,12.39000034,12.92000008,12.31999969,12.59000015
30-06-2025,12.78999996,13.02999973,12.39000034,12.39000034
01-07-2025,12.52999973,12.98999977,12.43999958,12.78999996
02-07-2025,12.44999981,12.65999985,12.34000015,12.52999973
03-07-2025,12.39000034,12.65999985,12.18999958,12.44999981
04-07-2025,12.31999969,12.69999981,12.23999977,12.39000034
07-07-2025,12.56000042,12.78999996,11.93999958,12.31999969
08-07-2025,12.19999981,12.71000004,12.06000042,12.56000042
09-07-2025,11.93999958,12.35999966,11.75,12.19999981
10-07-2025,11.67000008,12.18999958,11.60999966,11.93999958
11-07-2025,11.81999969,12.11999989,11.53999996,11.67000008
14-07-2025,11.97999954,12.42000008,11.81999969,11.81999969
15-07-2025,11.47999954,12.02999973,11.40999985,11.97999954
16-07-2025,11.23999977,11.67000008,11.19999981,11.47999954
17-07-2025,11.23999977,11.53999996,10.72999954,11.23999977
18-07-2025,11.39000034,11.85999966,9.899999619,11.23999977
21-07-2025,11.19999981,11.93999958,11.09000015,11.39000034
22-07-2025,10.75,11.22999954,10.68999958,11.19999981
23-07-2025,10.52000046,10.75,10.22000027,10.75
24-07-2025,10.72000027,11.10999966,9.869999886,10.52000046
25-07-2025,11.27999973,11.57999992,10.60999966,10.72000027
28-07-2025,12.06000042,12.22999954,10.32999992,11.27999973
29-07-2025,11.52999973,12.30000019,11.39999962,12.06000042
30-07-2025,11.21000004,11.77999973,10.60999966,11.52999973
31-07-2025,11.53999996,12.11999989,11.21000004,11.21000004
01-08-2025,11.97999954,12.10999966,11.39999962,11.53999996
04-08-2025,11.97000027,12.63000011,11.80000019,11.97999954
05-08-2025,11.71000004,12.18000031,11.64000034,11.97000027
06-08-2025,11.96000004,12.05000019,10.65999985,11.71000004
07-08-2025,11.68999958,12.31000042,11.56000042,11.96000004
08-08-2025,12.02999973,12.19999981,10.89999962,11.68999958
11-08-2025,12.22000027,12.72999954,12.02999973,12.02999973
12-08-2025,12.22999954,12.42000008,11.60000038,12.22000027
13-08-2025,12.14000034,12.35000038,10.77999973,12.22999954
14-08-2025,12.35999966,12.47000027,11.47000027,12.14000034
18-08-2025,12.34000015,13.47000027,11.75,12.35999966
19-08-2025,11.78999996,12.34000015,11.76000023,12.34000015
20-08-2025,11.78999996,11.98999977,10.18999958,11.78999996
21-08-2025,11.36999989,11.89000034,10.09000015,11.78999996
22-08-2025,11.72999954,11.78999996,10.69999981,11.36999989
25-08-2025,11.76000023,12.35000038,11.55000019,11.72999954
26-08-2025,12.18999958,12.55000019,10.93000031,11.76000023
28-08-2025,12.18000031,13.14999962,11.57999992,12.18999958
29-08-2025,11.75,12.19999981,11.59000015,12.18000031
01-09-2025,11.28999996,12.19999981,11.23999977,11.75
02-09-2025,11.39999962,11.77999973,10.77999973,11.28999996
03-09-2025,10.93000031,11.57999992,10.85000038,11.39999962
04-09-2025,10.85000038,11.23999977,10.48999977,10.93000031
05-09-2025,10.77999973,11.43999958,9.949999809,10.85000038
08-09-2025,10.84000015,11.07999992,10.42000008,10.77999973
09-09-2025,10.68999958,11.44999981,9.850000381,10.84000015
10-09-2025,10.53999996,10.84000015,10.25,10.68999958
11-09-2025,10.35999966,10.77999973,10.18000031,10.53999996
12-09-2025,10.11999989,10.35999966,9.850000381,10.35999966
15-09-2025,10.39999962,10.68000031,9.899999619,10.11999989
16-09-2025,10.27000046,10.5,9.760000229,10.39999962
17-09-2025,10.25,10.35999966,9.619999886,10.27000046
18-09-2025,9.890000343,10.25,9.489999771,10.25
19-09-2025,9.970000267,10.26000023,9.399999619,9.890000343
22-09-2025,10.56000042,10.72999954,9.970000267,9.970000267
23-09-2025,10.63000011,10.89999962,9.960000038,10.56000042
24-09-2025,10.52000046,10.89000034,10.10999966,10.63000011
25-09-2025,10.77999973,10.89999962,10.28999996,10.52000046
26-09-2025,11.43000031,11.68000031,10.17000008,10.77999973
29-09-2025,11.36999989,11.72999954,10.61999989,11.43000031
30-09-2025,11.06999969,11.78999996,10.93000031,11.36999989
01-10-2025,10.28999996,11.26000023,10.14999962,11.06999969
03-10-2025,10.06000042,10.61999989,9.949999809,10.28999996
06-10-2025,10.18999958,10.53999996,9.659999847,10.06000042
07-10-2025,10.05000019,10.44999981,10,10.18999958
08-10-2025,10.31000042,10.52000046,9.68999958,10.05000019
09-10-2025,10.11999989,10.56999969,10,10.31000042
10-10-2025,10.10000038,10.34000015,9.710000038,10.11999989
13-10-2025,11.01000023,11.26000023,9.779999733,10.10000038
14-10-2025,11.15999985,11.67000008,10.01000023,11.01000023
15-10-2025,10.52999973,11.15999985,10.43000031,11.15999985
16-10-2025,10.86999989,11.06000042,10.38000011,10.52999973
17-10-2025,11.63000011,11.81000042,9.779999733,10.86999989
20-10-2025,11.35999966,11.88000011,10.67000008,11.63000011
21-10-2025,11.30000019,11.60000038,10.69999981,11.35999966
23-10-2025,11.72999954,12.05000019,10.73999977,11.30000019
24-10-2025,11.59000015,11.93999958,11.43999958,11.72999954
27-10-2025,11.85999966,12.72999954,11.27999973,11.59000015
28-10-2025,11.94999981,12.64000034,10.71000004,11.85999966
29-10-2025,11.97000027,12.10000038,11.22999954,11.94999981
30-10-2025,12.06999969,12.27000046,11.71000004,11.97000027
31-10-2025,12.14999962,12.28999996,11.77000046,12.06999969
03-11-2025,12.67000008,12.93999958,11.78999996,12.14999962
04-11-2025,12.64999962,12.93999958,10.97999954,12.67000008
06-11-2025,12.40999985,12.86999989,12.06000042,12.64999962
07-11-2025,12.56000042,12.67000008,11.96000004,12.40999985
10-11-2025,12.30000019,12.93000031,11.40999985,12.56000042
11-11-2025,12.48999977,13.01000023,11.98999977,12.30000019
12-11-2025,12.10999966,12.71000004,11.43999958,12.48999977
13-11-2025,12.15999985,12.27000046,11.22999954,12.10999966
14-11-2025,11.93999958,12.44999981,11.80000019,12.15999985
17-11-2025,11.78999996,12.27999973,10.89999962,11.93999958
18-11-2025,12.10000038,12.28999996,10.93999958,11.78999996
19-11-2025,11.97000027,12.38000011,10.77000046,12.10000038
20-11-2025,12.14000034,12.38000011,11.06000042,11.97000027
21-11-2025,13.63000011,13.85000038,12.14000034,12.14000034
24-11-2025,13.23999977,13.63000011,11.93999958,13.63000011
25-11-2025,12.23999977,13.23999977,10.85999966,13.23999977
26-11-2025,11.97000027,12.56999969,11.59000015,12.23999977
27-11-2025,11.78999996,12.23999977,11.51000023,11.97000027
28-11-2025,11.61999989,11.78999996,10.81999969,11.78999996
01-12-2025,11.63000011,12.01000023,10.89999962,11.61999989
02-12-2025,11.22999954,11.93999958,11.02999973,11.63000011
03-12-2025,11.21000004,11.36999989,10.92000008,11.22999954
04-12-2025,10.81999969,11.27000046,10.57999992,11.21000004
05-12-2025,10.31999969,10.86999989,10.15999985,10.81999969
08-12-2025,11.13000011,11.60999966,10.14000034,10.31999969
09-12-2025,10.94999981,11.88000011,10.46000004,11.13000011
10-12-2025,10.90999985,11.42000008,10.48999977,10.94999981
11-12-2025,10.39999962,11.18999958,10.31999969,10.90999985
12-12-2025,10.10999966,10.39999962,9.960000038,10.39999962
15-12-2025,10.25,10.84000015,10.05000019,10.10999966
16-12-2025,10.06000042,10.43000031,9.659999847,10.25
17-12-2025,9.840000153,10.18000031,9.479999542,10.06000042
18-12-2025,9.710000038,9.949999809,9.609999657,9.840000153
19-12-2025,9.520000458,10.31000042,9.43999958,9.710000038
22-12-2025,9.680000305,9.899999619,8.859999657,9.520000458
23-12-2025,9.380000114,9.789999962,9.319999695,9.680000305
24-12-2025,9.18999958,9.680000305,8.880000114,9.380000114
26-12-2025,9.149999619,9.399999619,9.020000458,9.18999958
29-12-2025,9.720000267,9.770000458,9.050000191,9.149999619
30-12-2025,9.680000305,9.989999771,9.590000153,9.720000267
31-12-2025,9.479999542,9.729999542,9.31000042,9.680000305
02-01-2026,9.449999809,9.56000042,8.970000267,9.18999958
05-01-2026,10.02000046,10.22000027,9.289999962,9.449999809
06-01-2026,10.02000046,10.28999996,9.649999619,10.02000046
07-01-2026,9.949999809,10.23999977,9.75,10.02000046
08-01-2026,10.60000038,10.98999977,9.479999542,9.949999809
09-01-2026,10.93000031,11.03999996,10.22000027,10.60000038
12-01-2026,11.36999989,11.94999981,10.52000046,10.93000031
13-01-2026,11.19999981,11.68000031,10.64000034,11.36999989
14-01-2026,11.31999969,11.47000027,11.01000023,11.19999981
16-01-2026,11.36999989,11.57999992,10.88000011,11.31999969
19-01-2026,11.82999992,12.13000011,10.39000034,11.36999989
20-01-2026,12.72999954,12.89999962,11,11.82999992
21-01-2026,13.77999973,14.43000031,12.43000031,12.72999954
22-01-2026,13.35000038,14.32999992,12.90999985,13.77999973
23-01-2026,14.18999958,14.43000031,12.27999973,13.35000038
27-01-2026,14.44999981,16.05999947,13.92000008,14.18999958
28-01-2026,13.52999973,14.51000023,13.43999958,14.44999981
29-01-2026,13.36999989,14.18999958,13.06999969,13.52999973
30-01-2026,13.63000011,14.22999954,12.88000011,13.36999989
02-02-2026,13.86999989,15.55000019,13.57999992,15.10000038
03-02-2026,12.89999962,15.47000027,11.85000038,13.86999989
04-02-2026,12.25,13.14999962,12.06000042,12.89999962
05-02-2026,12.17000008,12.55000019,10.93999958,12.25
06-02-2026,11.93999958,12.35000038,11.15999985,12.17000008
09-02-2026,12.18999958,12.27999973,10.67000008,11.93999958
10-02-2026,11.67000008,12.18999958,10.35999966,12.18999958
11-02-2026,11.55000019,11.71000004,10.56000042,11.67000008
12-02-2026,11.72999954,12.10999966,10.85000038,11.55000019
13-02-2026,13.28999996,13.57999992,10.96000004,11.72999954
16-02-2026,13.32999992,13.82999992,13.23999977,13.28999996
17-02-2026,12.67000008,13.47999954,11.63000011,13.32999992
18-02-2026,12.22000027,12.77000046,11.35000038,12.67000008
19-02-2026,13.46000004,13.68000031,9.729999542,12.22000027
20-02-2026,14.35999966,14.77999973,13.10000038,13.46000004
23-02-2026,14.17000008,14.47999954,12.77000046,14.35999966
24-02-2026,14.14999962,14.94999981,12.35000038,14.17000008
25-02-2026,13.48999977,14.14999962,12.84000015,14.14999962
26-02-2026,13.06000042,13.60999966,11.81000042,13.48999977
27-02-2026,13.69999981,14.03999996,11.19999981,13.06000042
02-03-2026,17.12999916,17.80999947,12.82999992,13.69999981
04-03-2026,21.13999939,21.37000084,16.96999931,17.12999916
05-03-2026,17.86000061,21.13999939,17.29999924,21.13999939
06-03-2026,19.87999916,20.13999939,17.20000076,17.86000061
09-03-2026,23.36000061,24.48999977,19.21999931,19.87999916
10-03-2026,18.90999985,23.36000061,18.78000069,23.36000061
11-03-2026,21.05999947,21.38999939,17.23999977,18.90999985
12-03-2026,21.52000046,22.36000061,20.81999969,21.05999947
13-03-2026,22.64999962,22.87999916,21.25,21.52000046
16-03-2026,21.60000038,22.87999916,19.81999969,22.64999962
17-03-2026,19.79000092,21.60000038,19.62999916,21.60000038
18-03-2026,18.71999931,19.79000092,18.59000015,19.79000092
19-03-2026,22.79999924,23.20000076,18.71999931,18.71999931
20-03-2026,22.80999947,23.13999939,21.69000053,22.79999924
23-03-2026,26.72999954,27.17000008,22.80999947,22.80999947
24-03-2026,24.73999977,26.72999954,24.62999916,26.72999954
25-03-2026,24.63999939,25.22999954,24.13999939,24.73999977
27-03-2026,26.79999924,27.09000015,23.38999939,24.63999939
30-03-2026,27.88999939,28.90999985,26.79999924,26.79999924
01-04-2026,25.01000023,27.88999939,23.64999962,27.88999939
02-04-2026,25.52000046,26.60000038,25.01000023,25.01000023
06-04-2026,25.46999931,26.55999947,25.07999992,25.52000046
07-04-2026,24.70000076,26.26000023,24.54999924,25.46999931
08-04-2026,19.70000076,24.70000076,19.30999947,24.70000076
09-04-2026,20.43000031,20.94000053,19.17000008,19.70000076
10-04-2026,18.85000038,20.43000031,18.37000084,20.43000031
13-04-2026,20.5,21.51000023,18.18000031,18.85000038
15-04-2026,18.67000008,20.5,17.34000015,20.5
16-04-2026,18.09000015,18.67000008,16.82999992,18.67000008
17-04-2026,17.20999908,18.46999931,16.59000015,18.09000015
20-04-2026,18.79000092,19.01000023,16.47999954,17.20999908
21-04-2026,17.53000069,18.79000092,17.45000076,18.79000092
22-04-2026,18.29999924,18.72999954,17.25,17.53000069
23-04-2026,18.59000015,19.12000084,17.48999977,18.29999924
24-04-2026,19.70999908,19.89999962,18.05999947,18.59000015
27-04-2026,18.37999916,19.70999908,18.27000046,19.70999908
28-04-2026,18.04999924,18.40999985,17.27000046,18.37999916
29-04-2026,17.44000053,18.04999924,16.75,18.04999924
30-04-2026,18.45999908,19.47999954,17.19000053,17.44000053
04-05-2026,18.29999924,18.87999916,16.75,18.45999908
05-05-2026,17.90999985,18.84000015,17.70999908,18.29999924
06-05-2026,16.68000031,18.07999992,16.57999992,17.90999985
07-05-2026,16.62000084,17.20000076,15.17000008,16.68000031
08-05-2026,16.84000015,17.43000031,16.15999985,16.62000084
11-05-2026,18.54999924,18.96999931,16.84000015,16.84000015
12-05-2026,19.28000069,19.45999908,17.62999916,18.54999924
13-05-2026,19.43000031,20.12999916,18.36000061,19.28000069
14-05-2026,18.61000061,19.43000031,18.38999939,19.43000031
15-05-2026,18.79000092,19.01000023,17.42000008,18.61000061
18-05-2026,19.62999916,20.05999947,17.71999931,18.79000092
19-05-2026,18.68000031,19.62999916,18.27000046,19.62999916
20-05-2026,18.44000053,19.45999908,18.05999947,18.68000031
21-05-2026,17.81999969,18.44000053,17.43000031,18.44000053
22-05-2026,17.90999985,19.03000069,16.46999931,17.81999969
25-05-2026,16.70000076,17.90999985,16.38999939,17.90999985
26-05-2026,16.12999916,16.95999908,15.35999966,16.70000076
27-05-2026,14.97999954,16.32999992,14.69999981,16.12999916
29-05-2026,16.19000053,16.54999924,14.59000015,14.97999954
01-06-2026,16.54000092,16.92000008,13.90999985,16.19000053
02-06-2026,15.35999966,16.54000092,15.11999989,16.54000092
03-06-2026,16.28000069,16.97999954,14.85000038,15.35999966
04-06-2026,15.89000034,16.40999985,15.52999973,16.28000069
05-06-2026,15.78999996,16.37000084,13.46000004,15.89000034
08-06-2026,17.03000069,18.44000053,15.78999996,15.78999996
09-06-2026,15.57999992,17.03000069,15.52000046,17.03000069
10-06-2026,15.63000011,15.85000038,14.89999962,15.57999992
11-06-2026,15.60999966,15.94999981,15.11999989,15.63000011
12-06-2026,14.72000027,15.60999966,14.39999962,15.60999966
15-06-2026,14.35000038,14.72000027,13.56000042,14.72000027
16-06-2026,13.35999966,14.35000038,13.01000023,14.35000038
17-06-2026,13.18999958,13.52999973,12.35000038,13.35999966
18-06-2026,12.67000008,13.22999954,11.98999977,13.18999958
19-06-2026,12.97000027,13.64000034,12.06999969,12.67000008
22-06-2026,12.84000015,13.51000023,12.64999962,12.97000027
23-06-2026,13.93999958,14.23999977,12.43000031,12.84000015
24-06-2026,13.39000034,14.30000019,13.30000019,13.93999958
25-06-2026,13.05000019,13.39000034,12.43000031,13.39000034
29-06-2026,13.60999966,14.06999969,12.92000008,13.05000019
30-06-2026,13.60000038,13.97000027,13.14999962,13.60999966
01-07-2026,13.23999977,14.06999969,13.14999962,13.60000038
02-07-2026,12.28999996,13.28999996,12.18999958,13.23999977
03-07-2026,11.80000019,12.28999996,11.64999962,12.28999996
06-07-2026,11.81999969,12.35999966,11.69999981,11.80000019
07-07-2026,11.64999962,11.93999958,11.06000042,11.81999969
08-07-2026,14.68000031,15.15999985,11.34000015,11.64999962
09-07-2026,13.35999966,14.68000031,13.06999969,14.68000031
10-07-2026,12.25,13.35999966,12.13000011,13.35999966
13-07-2026,13.27999973,13.52000046,9.479999542,12.25
14-07-2026,13.75,13.86999989,11.65999985,13.27999973
