Price,Close,High,Low,Open,Volume
02-01-2019,10792.5,10895.34961,10735.0498,10868.84961,309700
03-01-2019,10672.25,10814.0498,10661.25,10796.7998,286200
04-01-2019,10727.34961,10741.0498,10628.65039,10699.7002,296600
07-01-2019,10771.7998,10835.9502,10750.15039,10804.84961,269400
08-01-2019,10802.15039,10818.4502,10733.25,10786.25,277700
09-01-2019,10855.15039,10870.40039,10749.40039,10862.40039,333000
10-01-2019,10821.59961,10859.34961,10801.7998,10859.34961,254400
11-01-2019,10794.9502,10850.15039,10739.40039,10834.75,260800
14-01-2019,10737.59961,10808,10692.34961,10807,298800
15-01-2019,10886.7998,10896.9502,10777.5498,10777.5498,310700
16-01-2019,10890.2998,10928.15039,10876.90039,10899.65039,276500
17-01-2019,10905.2002,10930.65039,10844.65039,10920.84961,271700
18-01-2019,10906.9502,10928.2002,10852.2002,10914.84961,323800
21-01-2019,10961.84961,10987.4502,10885.75,10919.34961,288800
22-01-2019,10922.75,10949.7998,10864.15039,10949.7998,300800
23-01-2019,10831.5,10944.7998,10811.9502,10931.0498,298900
24-01-2019,10849.7998,10866.59961,10798.65039,10844.0498,361100
25-01-2019,10780.5498,10931.7002,10756.4502,10859.75,463400
28-01-2019,10661.5498,10804.4502,10630.9502,10792.4502,419700
29-01-2019,10652.2002,10690.34961,10583.65039,10653.7002,356900
30-01-2019,10651.7998,10710.2002,10612.84961,10702.25,410100
31-01-2019,10830.9502,10838.0498,10678.5498,10690.5498,604800
01-02-2019,10893.65039,10983.4502,10813.4502,10851.34961,482300
04-02-2019,10912.25,10927.90039,10814.15039,10876.75,318300
05-02-2019,10934.34961,10956.7002,10886.7002,10908.65039,268100
06-02-2019,11062.4502,11072.59961,10962.7002,10965.09961,298500
07-02-2019,11069.40039,11118.09961,11043.59961,11070.4502,263500
08-02-2019,10943.59961,11041.2002,10925.4502,11023.5,352800
11-02-2019,10888.7998,10930.90039,10857.09961,10930.90039,286000
12-02-2019,10831.40039,10910.90039,10823.7998,10879.7002,292300
14-02-2019,10746.0498,10792.7002,10718.75,10786.09961,627000
15-02-2019,10724.40039,10785.75,10620.40039,10780.25,521900
18-02-2019,10640.9502,10759.90039,10628.40039,10738.65039,345400
19-02-2019,10604.34961,10722.84961,10585.65039,10636.7002,291500
20-02-2019,10735.4502,10752.7002,10646.40039,10655.4502,289200
21-02-2019,10789.84961,10808.84961,10721.5,10744.09961,279600
22-02-2019,10791.65039,10801.5498,10758.40039,10782.7002,396800
25-02-2019,10880.09961,10887.09961,10788.0498,10813.25,385900
26-02-2019,10835.2998,10888.75,10729.2998,10775.2998,415000
27-02-2019,10806.65039,10939.7002,10751.2002,10881.2002,381100
28-02-2019,10792.5,10865.7002,10784.84961,10865.7002,644200
01-03-2019,10863.5,10877.90039,10823.09961,10842.65039,308500
05-03-2019,10987.4502,10994.90039,10817,10864.84961,373200
06-03-2019,11053,11062.2998,10998.84961,11024.84961,372600
07-03-2019,11058.2002,11089.0498,11027.09961,11077.9502,321200
08-03-2019,11035.40039,11049,11008.9502,11038.84961,326600
11-03-2019,11168.0498,11180.90039,11059.84961,11068.75,352200
12-03-2019,11301.2002,11320.40039,11227,11231.34961,391300
13-03-2019,11341.7002,11352.2998,11276.59961,11326.2002,383000
14-03-2019,11343.25,11383.4502,11313.75,11382.5,294500
15-03-2019,11426.84961,11487,11370.7998,11376.84961,463700
18-03-2019,11462.2002,11530.15039,11412.5,11473.84961,320300
19-03-2019,11532.40039,11543.84961,11451.25,11500.2998,326100
20-03-2019,11521.0498,11556.09961,11503.09961,11553.34961,366300
22-03-2019,11456.90039,11572.7998,11434.5498,11549.2002,386200
25-03-2019,11354.25,11395.65039,11311.59961,11395.65039,294500
26-03-2019,11483.25,11496.75,11352.4502,11375.2002,282600
27-03-2019,11445.0498,11546.2002,11413,11531.4502,350400
28-03-2019,11570,11588.5,11452.4502,11463.65039,527700
01-04-2019,11669.15039,11738.09961,11644.75,11665.2002,379600
02-04-2019,11713.2002,11729.34961,11655.84961,11711.5498,386100
03-04-2019,11643.9502,11761,11629.15039,11735.2998,365800
04-04-2019,11598,11662.5498,11559.2002,11660.2002,349000
05-04-2019,11665.9502,11689.65039,11609.5,11638.40039,266700
08-04-2019,11604.5,11710.2998,11549.09961,11704.34961,260900
09-04-2019,11671.9502,11683.90039,11569.7002,11612.0498,300500
10-04-2019,11584.2998,11680.0498,11571.75,11646.84961,359900
11-04-2019,11596.7002,11606.7002,11550.5498,11592.5498,279800
12-04-2019,11643.4502,11657.34961,11578.7998,11612.84961,246000
15-04-2019,11690.34961,11704.59961,11648.25,11667,290000
16-04-2019,11787.15039,11810.9502,11731.5498,11736.2002,354300
18-04-2019,11752.7998,11856.15039,11738.5,11856.15039,339700
22-04-2019,11594.4502,11727.0498,11583.9502,11727.0498,260400
23-04-2019,11575.9502,11645.9502,11564.7998,11612.9502,272500
24-04-2019,11726.15039,11740.84961,11578.84961,11601.5,335200
25-04-2019,11641.7998,11796.75,11624.2998,11735.7002,604400
26-04-2019,11754.65039,11762.90039,11661.75,11683.75,333500
30-04-2019,11748.15039,11756.25,11655.90039,11748.75,532600
02-05-2019,11724.75,11789.2998,11699.5498,11725.5498,380300
03-05-2019,11712.25,11770.90039,11699.34961,11722.59961,305500
06-05-2019,11598.25,11632.5498,11571.34961,11605.7998,299000
07-05-2019,11497.90039,11657.0498,11484.4502,11651.5,337500
08-05-2019,11359.4502,11479.09961,11346.9502,11478.7002,372800
09-05-2019,11301.7998,11357.59961,11255.0498,11322.40039,373000
10-05-2019,11278.90039,11345.7998,11251.0498,11314.15039,387300
13-05-2019,11148.2002,11300.2002,11125.59961,11258.7002,357600
14-05-2019,11222.0498,11294.75,11108.2998,11151.65039,398100
15-05-2019,11157,11286.7998,11136.9502,11271.7002,414200
16-05-2019,11257.09961,11281.5498,11143.34961,11180.34961,350700
17-05-2019,11407.15039,11426.15039,11259.84961,11261.90039,412100
20-05-2019,11828.25,11845.2002,11591.7002,11651.90039,452100
21-05-2019,11709.09961,11883.5498,11682.7998,11863.65039,381000
22-05-2019,11737.90039,11784.7998,11682.40039,11727.9502,355900
23-05-2019,11657.0498,12041.15039,11614.5,11901.2998,569000
24-05-2019,11844.09961,11859,11658.09961,11748,374600
27-05-2019,11924.75,11957.15039,11812.40039,11855.5,348400
28-05-2019,11928.75,11958.5498,11864.90039,11958.34961,598300
29-05-2019,11861.09961,11931.90039,11836.7998,11905.7998,318100
30-05-2019,11945.90039,11968.5498,11859.40039,11865.2998,421200
31-05-2019,11922.7998,12039.25,11829.4502,11999.7998,438900
03-06-2019,12088.5498,12103.0498,11920.09961,11953.75,315300
04-06-2019,12021.65039,12095.2002,12005.84961,12052.65039,289200
06-06-2019,11843.75,12039.7998,11830.25,12039.7998,415200
07-06-2019,11870.65039,11897.5,11769.5,11865.2002,302500
10-06-2019,11922.7002,11975.0498,11871.75,11934.90039,303300
11-06-2019,11965.59961,12000.34961,11904.34961,11959.84961,332200
12-06-2019,11906.2002,11962.4502,11866.34961,11962.4502,283700
13-06-2019,11914.0498,11931.34961,11817.0498,11873.90039,447900
14-06-2019,11823.2998,11911.84961,11797.7002,11910.09961,390300
17-06-2019,11672.15039,11844.0498,11657.75,11844,295500
18-06-2019,11691.5,11727.2002,11641.15039,11677.0498,365500
19-06-2019,11691.4502,11802.5,11625.09961,11744.4502,446900
20-06-2019,11831.75,11843.5,11635.0498,11653.65039,442000
21-06-2019,11724.09961,11827.9502,11705.09961,11827.59961,468400
24-06-2019,11699.65039,11754,11670.2002,11725.7998,277600
25-06-2019,11796.4502,11814.40039,11651,11681,300500
26-06-2019,11847.5498,11871.84961,11757.5498,11768.15039,327900
27-06-2019,11841.5498,11911.15039,11821.0498,11860.84961,480200
28-06-2019,11788.84961,11871.7002,11775.5,11861.15039,303900
01-07-2019,11865.59961,11884.65039,11830.7998,11839.90039,278400
02-07-2019,11910.2998,11917.4502,11814.7002,11890.2998,363200
03-07-2019,11916.75,11945.2002,11887.0498,11932.15039,340500
04-07-2019,11946.75,11969.25,11923.65039,11928.7998,333600
05-07-2019,11811.15039,11981.75,11797.90039,11964.75,530700
08-07-2019,11558.59961,11771.90039,11523.2998,11770.40039,464000
09-07-2019,11555.90039,11582.5498,11461,11531.59961,442500
10-07-2019,11498.90039,11593.7002,11475.65039,11536.15039,337600
11-07-2019,11582.90039,11599,11519.5,11561.4502,317300
12-07-2019,11552.5,11639.5498,11538.59961,11601.15039,359400
15-07-2019,11588.34961,11618.40039,11532.2998,11614.75,368800
16-07-2019,11662.59961,11670.0498,11573.9502,11596.65039,480200
17-07-2019,11687.5,11706.65039,11651.15039,11670.75,464800
18-07-2019,11596.90039,11677.15039,11582.40039,11675.59961,498300
19-07-2019,11419.25,11640.34961,11399.2998,11627.9502,446000
22-07-2019,11346.2002,11398.15039,11301.25,11392.84961,516000
23-07-2019,11331.0498,11398.15039,11302.7998,11372.25,458900
24-07-2019,11271.2998,11359.75,11229.7998,11322.4502,413200
25-07-2019,11252.15039,11361.40039,11239.34961,11290.40039,553700
26-07-2019,11284.2998,11307.59961,11210.0498,11247.4502,522700
29-07-2019,11189.2002,11310.9502,11152.40039,11307.5,482900
30-07-2019,11085.40039,11267.4502,11072.65039,11213.7002,479100
31-07-2019,11118,11145.2998,10999.40039,11034.0498,536700
01-08-2019,10980,11076.75,10881,11060.2002,499900
02-08-2019,10997.34961,11080.15039,10848.9502,10930.2998,547400
05-08-2019,10862.59961,10895.7998,10782.59961,10895.7998,506600
06-08-2019,10948.25,11018.5498,10813.7998,10815.40039,517900
07-08-2019,10855.5,10975.65039,10835.90039,10958.09961,548500
08-08-2019,11032.4502,11058.0498,10842.9502,10899.2002,482500
09-08-2019,11109.65039,11181.4502,11062.7998,11087.90039,538100
13-08-2019,10925.84961,11145.90039,10901.59961,11139.40039,624600
14-08-2019,11029.40039,11078.15039,10935.59961,11003.25,511500
16-08-2019,11047.7998,11068.65039,10924.2998,11043.65039,470900
19-08-2019,11053.90039,11146.90039,11037.84961,11094.7998,369500
20-08-2019,11017,11076.2998,10985.2998,11063.90039,444700
21-08-2019,10918.7002,11034.2002,10906.65039,11018.15039,557900
22-08-2019,10741.34961,10908.25,10718.2998,10905.2998,668200
23-08-2019,10829.34961,10862.5498,10637.15039,10699.59961,667100
26-08-2019,11057.84961,11070.2998,10756.5498,11000.2998,684100
27-08-2019,11105.34961,11141.75,11049.5,11106.5498,685600
28-08-2019,11046.09961,11129.65039,10987.65039,11101.2998,550000
29-08-2019,10948.2998,11021.09961,10922.40039,10996.0498,649900
30-08-2019,11023.25,11042.59961,10874.7998,10987.7998,628200
03-09-2019,10797.90039,10967.5,10772.7002,10960.9502,483000
04-09-2019,10844.65039,10858.75,10746.34961,10790.40039,508800
05-09-2019,10847.90039,10920.09961,10816,10860.9502,595700
06-09-2019,10946.2002,10957.0498,10867.4502,10883.7998,497200
09-09-2019,11003.0498,11028.84961,10889.7998,10936.7002,412500
11-09-2019,11035.7002,11054.7998,11011.65039,11028.5,687100
12-09-2019,10982.7998,11081.75,10964.9502,11058.2998,551400
13-09-2019,11075.90039,11084.4502,10945.75,10986.7998,624300
16-09-2019,11003.5,11052.7002,10968.2002,10994.84961,434500
17-09-2019,10817.59961,11000.09961,10796.5,11000.09961,482000
18-09-2019,10840.65039,10885.15039,10804.84961,10872.7998,519200
19-09-2019,10704.7998,10845.2002,10670.25,10845.2002,642600
20-09-2019,11274.2002,11381.90039,10691,10746.7998,1356800
23-09-2019,11600.2002,11694.84961,11471.34961,11542.7002,882800
24-09-2019,11588.2002,11655.0498,11539.2002,11590.7002,651700
25-09-2019,11440.2002,11564.9502,11416.09961,11564.84961,629100
26-09-2019,11571.2002,11610.84961,11466.34961,11469.84961,844500
27-09-2019,11512.40039,11593.59961,11499.75,11556.34961,650000
30-09-2019,11474.4502,11508.25,11390.7998,11491.15039,756800
01-10-2019,11359.90039,11554.2002,11247.90039,11515.40039,1305400
03-10-2019,11314,11370.40039,11257.34961,11322.25,1017500
04-10-2019,11174.75,11400.2998,11158.34961,11388.4502,928500
07-10-2019,11126.40039,11233.84961,11112.65039,11196.2002,733200
09-10-2019,11313.2998,11321.59961,11090.15039,11152.9502,741100
10-10-2019,11234.5498,11293.34961,11208.5498,11280.5,562000
11-10-2019,11305.0498,11362.90039,11189.40039,11257.7002,737800
14-10-2019,11341.15039,11420.4502,11290.0498,11335.90039,587600
15-10-2019,11428.2998,11462.34961,11342.09961,11360.84961,527400
16-10-2019,11464,11481.0498,11411.09961,11464.9502,533500
17-10-2019,11586.34961,11599.09961,11439.65039,11466.2998,797600
18-10-2019,11661.84961,11684.7002,11553.15039,11580.2998,853400
22-10-2019,11588.34961,11714.34961,11573.65039,11657.15039,867600
23-10-2019,11604.09961,11651.59961,11554.40039,11596.2002,664200
24-10-2019,11582.59961,11679.59961,11534.65039,11661.65039,700500
25-10-2019,11583.90039,11646.90039,11490.75,11646.15039,812000
29-10-2019,11786.84961,11809.40039,11627.34961,11643.9502,951700
30-10-2019,11844.09961,11883.9502,11784.4502,11883.90039,725200
31-10-2019,11877.4502,11945,11855.09961,11890.4502,1414800
01-11-2019,11890.59961,11918.2998,11843.34961,11886.59961,855300
04-11-2019,11941.2998,11989.15039,11905.34961,11928.90039,823100
05-11-2019,11917.2002,11978.9502,11861.90039,11974.59961,632000
06-11-2019,11966.0498,12002.90039,11850.25,11911.5,603400
07-11-2019,12012.0498,12021.40039,11946.84961,12021.09961,563000
08-11-2019,11908.15039,12034.15039,11888.75,11987.15039,789300
11-11-2019,11913.4502,11932.65039,11853.9502,11879.2002,549000
13-11-2019,11840.4502,11946.7998,11823.2002,11908.2998,659000
14-11-2019,11872.09961,11895.65039,11802.65039,11858.75,559500
15-11-2019,11895.4502,11973.65039,11879.25,11904.2002,580200
18-11-2019,11884.5,11946.2002,11867.59961,11915.15039,514400
19-11-2019,11940.09961,11958.84961,11881.75,11919.4502,613900
20-11-2019,11999.09961,12038.59961,11966.0498,12004.75,646700
21-11-2019,11968.40039,12028.2002,11956.90039,12025.65039,557700
22-11-2019,11914.40039,11968.09961,11883.5,11967.2998,486800
25-11-2019,12073.75,12084.5,11919.75,11922.4502,534300
26-11-2019,12037.7002,12132.4502,12006.34961,12110.2002,1201300
27-11-2019,12100.7002,12114.90039,12055.15039,12068.5,584200
28-11-2019,12151.15039,12158.7998,12099.9502,12132.09961,620500
29-11-2019,12056.0498,12147.40039,12017.40039,12146.2002,804400
02-12-2019,12048.2002,12137.15039,12023.7002,12137.0498,720900
03-12-2019,11994.2002,12068.59961,11956.40039,12067.65039,605800
04-12-2019,12043.2002,12054.7002,11935.2998,11969.9502,747200
05-12-2019,12018.40039,12081.2002,11998.75,12071.25,562200
06-12-2019,11921.5,12057.0498,11888.84961,12047.34961,609200
09-12-2019,11937.5,11981.9502,11888.0498,11939.09961,599100
10-12-2019,11856.7998,11953.2002,11844.7002,11950.5,650200
11-12-2019,11910.15039,11923.2002,11832.2998,11867.34961,997700
12-12-2019,11971.7998,12005.5,11934,11944.2998,752600
13-12-2019,12086.7002,12098.84961,12023.59961,12026.40039,597700
16-12-2019,12053.9502,12134.65039,12046.2998,12131.34961,437700
17-12-2019,12165,12182.75,12070.34961,12082.4502,499600
18-12-2019,12221.65039,12237.7002,12163.4502,12197,518900
19-12-2019,12259.7002,12268.34961,12191.15039,12223.40039,623100
20-12-2019,12271.7998,12293.90039,12252.75,12266.4502,810700
23-12-2019,12262.75,12287.15039,12213.25,12235.4502,604800
24-12-2019,12214.5498,12283.7002,12202.09961,12269.25,470300
26-12-2019,12126.5498,12221.5498,12118.84961,12211.84961,520300
27-12-2019,12245.7998,12258.4502,12157.90039,12172.90039,383800
30-12-2019,12255.84961,12286.4502,12213.7998,12274.90039,411100
31-12-2019,12168.4502,12247.09961,12151.7998,12247.09961,426900
01-01-2020,12182.5,12222.2002,12165.2998,12202.15039,304100
02-01-2020,12282.2002,12289.90039,12195.25,12198.5498,407700
03-01-2020,12226.65039,12265.59961,12191.34961,12261.09961,428800
06-01-2020,11993.0498,12179.09961,11974.2002,12170.59961,396500
07-01-2020,12052.9502,12152.15039,12005.34961,12079.09961,447800
08-01-2020,12025.34961,12044.9502,11929.59961,11939.09961,446000
09-01-2020,12215.90039,12224.0498,12132.5498,12153.15039,477500
10-01-2020,12256.7998,12311.2002,12213.2002,12271,660600
13-01-2020,12329.5498,12337.75,12285.7998,12296.7002,501000
14-01-2020,12362.2998,12374.25,12308.7002,12333.09961,616300
15-01-2020,12343.2998,12355.15039,12278.75,12349.40039,684400
16-01-2020,12355.5,12389.0498,12315.7998,12347.09961,395700
17-01-2020,12352.34961,12385.4502,12321.40039,12328.40039,502100
20-01-2020,12224.5498,12430.5,12216.90039,12430.5,491600
21-01-2020,12169.84961,12230.0498,12162.2998,12195.2998,400
22-01-2020,12106.90039,12225.0498,12087.90039,12218.34961,500
23-01-2020,12180.34961,12189,12094.09961,12123.75,867700
24-01-2020,12248.25,12272.15039,12149.65039,12174.5498,593200
27-01-2020,12119,12216.59961,12107,12197.09961,441200
28-01-2020,12055.7998,12163.5498,12024.5,12148.09961,478500
29-01-2020,12129.5,12169.59961,12103.7998,12114.90039,514400
30-01-2020,12035.7998,12150.2998,12010.59961,12147.75,538100
31-01-2020,11962.09961,12103.5498,11945.84961,12100.40039,771300
03-02-2020,11707.90039,11749.84961,11614.5,11627.4502,669800
04-02-2020,11979.65039,11986.15039,11783.40039,11786.25,560400
05-02-2020,12089.15039,12098.15039,11953.34961,12005.84961,758000
06-02-2020,12137.9502,12160.59961,12084.65039,12120,565100
07-02-2020,12098.34961,12154.7002,12073.9502,12151.15039,473500
10-02-2020,12031.5,12103.5498,11990.75,12102.34961,524700
11-02-2020,12107.90039,12172.2998,12099,12108.40039,480000
12-02-2020,12201.2002,12231.75,12144.2998,12151,411700
13-02-2020,12174.65039,12225.65039,12139.7998,12219.5498,501200
14-02-2020,12113.4502,12246.7002,12091.2002,12190.15039,622800
17-02-2020,12045.7998,12159.59961,12037,12131.7998,0
18-02-2020,11992.5,12030.75,11908.0498,12028.25,676900
19-02-2020,12125.90039,12134.7002,12042.09961,12090.59961,513600
20-02-2020,12080.84961,12152,12071.4502,12119,502600
24-02-2020,11829.40039,12012.5498,11813.40039,12012.5498,490800
25-02-2020,11797.90039,11883.0498,11779.90039,11877.5,461000
26-02-2020,11678.5,11783.25,11639.59961,11738.5498,567600
27-02-2020,11633.2998,11663.84961,11536.7002,11661.25,608600
28-02-2020,11201.75,11384.7998,11175.0498,11382,809900
02-03-2020,11132.75,11433,11036.25,11387.34961,680800
03-03-2020,11303.2998,11342.25,11152.5498,11217.5498,696500
04-03-2020,11251,11356.59961,11082.15039,11351.34961,797700
05-03-2020,11269,11389.5,11244.59961,11306.0498,1352500
06-03-2020,10989.4502,11035.09961,10827.40039,10942.65039,1811000
09-03-2020,10451.4502,10751.5498,10294.4502,10742.0498,1565500
11-03-2020,10458.40039,10545.09961,10334,10334.2998,1218500
12-03-2020,9590.150391,10040.75,9508,10039.9502,1343500
13-03-2020,9955.200195,10159.40039,8555.150391,9107.599609,1388000
16-03-2020,9197.400391,9602.200195,9165.099609,9587.799805,897700
17-03-2020,8967.049805,9403.799805,8915.599609,9285.400391,935600
18-03-2020,8468.799805,9127.549805,8407.049805,9088.450195,1516600
19-03-2020,8263.450195,8575.450195,7832.549805,8063.299805,925700
20-03-2020,8745.450195,8883,8178.200195,8284.450195,1071500
23-03-2020,7610.25,8159.25,7583.600098,7945.700195,653500
24-03-2020,7801.049805,8036.950195,7511.100098,7848.299805,738400
25-03-2020,8317.849609,8376.75,7714.75,7735.149902,736900
26-03-2020,8641.450195,8749.049805,8304.900391,8451,865600
27-03-2020,8660.25,9038.900391,8522.900391,8949.099609,801500
30-03-2020,8281.099609,8576,8244,8385.950195,593300
31-03-2020,8597.75,8678.299805,8358,8529.349609,712700
01-04-2020,8253.799805,8588.099609,8198.349609,8584.099609,506300
03-04-2020,8083.799805,8356.549805,8055.799805,8356.549805,697000
07-04-2020,8792.200195,8819.400391,8360.950195,8446.299805,814200
08-04-2020,8748.75,9131.700195,8653.900391,8688.900391,896500
09-04-2020,9111.900391,9128.349609,8904.549805,8973.049805,742100
13-04-2020,8993.849609,9112.049805,8912.400391,9103.950195,644000
15-04-2020,8925.299805,9261.200195,8874.099609,9196.400391,879100
16-04-2020,8992.799805,9053.75,8821.900391,8851.25,719400
17-04-2020,9266.75,9324,9091.349609,9323.450195,684200
20-04-2020,9261.849609,9390.849609,9230.799805,9390.200195,726400
21-04-2020,8981.450195,9044.400391,8909.400391,9016.950195,655100
22-04-2020,9187.299805,9209.75,8946.25,9026.75,734400
23-04-2020,9313.900391,9343.599609,9170.150391,9232.349609,666700
24-04-2020,9154.400391,9296.900391,9141.299805,9163.900391,659400
27-04-2020,9282.299805,9377.099609,9250.349609,9259.700195,512800
28-04-2020,9380.900391,9404.400391,9260,9389.799805,614500
29-04-2020,9553.349609,9599.849609,9392.349609,9408.599609,653000
30-04-2020,9859.900391,9889.049805,9731.5,9753.5,931200
04-05-2020,9293.5,9533.5,9266.950195,9533.5,687500
05-05-2020,9205.599609,9450.900391,9190.75,9429.400391,725200
06-05-2020,9270.900391,9346.900391,9116.5,9226.799805,722200
07-05-2020,9199.049805,9277.849609,9175.900391,9234.049805,708700
08-05-2020,9251.5,9382.650391,9238.200195,9376.950195,609100
11-05-2020,9239.200195,9439.900391,9219.950195,9348.150391,704600
12-05-2020,9196.549805,9240.849609,9043.950195,9168.849609,805500
13-05-2020,9383.549805,9584.5,9351.099609,9584.200195,846400
14-05-2020,9142.75,9281.099609,9119.75,9213.950195,602600
15-05-2020,9136.849609,9182.400391,9050,9182.400391,575900
18-05-2020,8823.25,9158.299805,8806.75,9158.299805,773000
19-05-2020,8879.099609,9030.349609,8855.299805,8961.700195,762200
20-05-2020,9066.549805,9093.799805,8875.349609,8889.150391,622300
21-05-2020,9106.25,9178.549805,9056.099609,9079.450195,631500
22-05-2020,9039.25,9149.599609,8968.549805,9067.900391,675800
26-05-2020,9029.049805,9161.650391,8996.650391,9099.75,655000
27-05-2020,9314.950195,9334,9004.25,9082.200195,763500
28-05-2020,9490.099609,9511.25,9336.5,9364.950195,837900
29-05-2020,9580.299805,9598.849609,9376.900391,9422.200195,967000
01-06-2020,9826.150391,9931.599609,9706.950195,9726.849609,794200
02-06-2020,9979.099609,9995.599609,9824.049805,9880.849609,770200
03-06-2020,10061.5498,10176.2002,10035.5498,10108.2998,794700
04-06-2020,10029.09961,10123.84961,9944.25,10054.25,775100
05-06-2020,10142.15039,10177.7998,10040.75,10093.7998,987100
08-06-2020,10167.4502,10328.5,10120.25,10326.75,936500
09-06-2020,10046.65039,10291.15039,10021.4502,10181.15039,754200
10-06-2020,10116.15039,10148.75,10036.84961,10072.59961,632400
11-06-2020,9902,10112.0498,9885.049805,10094.09961,715500
12-06-2020,9972.900391,9996.049805,9544.349609,9544.950195,796300
15-06-2020,9813.700195,9943.349609,9726.349609,9919.349609,716100
16-06-2020,9914,10046.15039,9728.5,10014.7998,899900
17-06-2020,9881.150391,10003.59961,9833.799805,9876.700195,685400
18-06-2020,10091.65039,10111.2002,9845.049805,9863.25,622900
19-06-2020,10244.40039,10272.40039,10072.65039,10119,892100
22-06-2020,10311.2002,10393.65039,10277.59961,10318.75,685400
23-06-2020,10471,10484.7002,10301.75,10347.9502,669200
24-06-2020,10305.2998,10553.15039,10281.9502,10529.25,854800
25-06-2020,10288.90039,10361.7998,10194.5,10235.5498,994200
26-06-2020,10383,10409.84961,10311.25,10378.90039,671900
29-06-2020,10312.40039,10337.9502,10223.59961,10311.9502,574500
30-06-2020,10302.09961,10401.0498,10267.34961,10382.59961,556200
01-07-2020,10430.0498,10447.0498,10299.59961,10323.7998,573600
02-07-2020,10551.7002,10598.2002,10485.5498,10493.0498,597400
03-07-2020,10607.34961,10631.2998,10562.65039,10614.9502,525200
06-07-2020,10763.65039,10811.40039,10695.09961,10723.84961,571200
07-07-2020,10799.65039,10813.7998,10689.7002,10802.84961,636800
08-07-2020,10705.75,10847.84961,10676.5498,10818.65039,767900
09-07-2020,10813.4502,10836.84961,10733,10755.5498,618700
10-07-2020,10768.0498,10819.40039,10713,10764.09961,590700
13-07-2020,10802.7002,10894.0498,10756.0498,10851.84961,554100
14-07-2020,10607.34961,10755.65039,10562.90039,10750.84961,532400
15-07-2020,10618.2002,10827.4502,10577.75,10701,715900
16-07-2020,10739.9502,10755.2998,10595.2002,10706.2002,694400
17-07-2020,10901.7002,10933.4502,10749.65039,10752,676900
20-07-2020,11022.2002,11037.90039,10953,10999.4502,554300
21-07-2020,11162.25,11179.5498,11113.25,11126.09961,772000
22-07-2020,11132.59961,11238.09961,11056.5498,11231.2002,765100
23-07-2020,11215.4502,11239.7998,11103.15039,11135,621600
24-07-2020,11194.15039,11225.40039,11090.2998,11149.9502,678900
27-07-2020,11131.7998,11225,11087.84961,11225,588100
28-07-2020,11300.5498,11317.75,11151.40039,11154.09961,683900
29-07-2020,11202.84961,11341.40039,11149.75,11276.90039,600700
30-07-2020,11102.15039,11299.9502,11084.9502,11254.2998,677800
31-07-2020,11073.4502,11150.40039,11026.65039,11139.5,642600
03-08-2020,10891.59961,11058.0498,10882.25,11057.5498,680900
04-08-2020,11095.25,11112.25,10908.09961,10946.65039,625700
05-08-2020,11101.65039,11225.65039,11064.0498,11155.75,667600
06-08-2020,11200.15039,11256.7998,11127.2998,11185.7002,600400
07-08-2020,11214.0498,11231.90039,11142.0498,11186.65039,452600
10-08-2020,11270.15039,11337.2998,11238,11270.25,492000
11-08-2020,11322.5,11373.59961,11299.15039,11322.25,586100
12-08-2020,11308.40039,11322,11242.65039,11289,609900
13-08-2020,11300.4502,11359.2998,11269.9502,11334.84961,562400
14-08-2020,11178.40039,11366.25,11111.4502,11353.2998,645100
17-08-2020,11247.09961,11267.09961,11144.5,11248.90039,634000
18-08-2020,11385.34961,11401.7002,11253.15039,11259.7998,579200
19-08-2020,11408.40039,11460.34961,11394.09961,11452.15039,626200
20-08-2020,11312.2002,11361.4502,11289.7998,11317.4502,791600
21-08-2020,11371.59961,11418.5,11362.2002,11409.65039,668700
24-08-2020,11466.4502,11497.25,11410.65039,11412,532900
25-08-2020,11472.25,11525.90039,11423.34961,11513.09961,638200
26-08-2020,11549.59961,11561.75,11461.84961,11512.84961,743400
27-08-2020,11559.25,11617.34961,11540.59961,11609.2998,719800
28-08-2020,11647.59961,11686.0498,11589.40039,11602.9502,807000
31-08-2020,11387.5,11794.25,11325.84961,11777.5498,1371800
01-09-2020,11470.25,11553.5498,11366.90039,11464.2998,783800
02-09-2020,11535,11554.75,11430.40039,11478.5498,593500
03-09-2020,11527.4502,11584.9502,11507.65039,11566.2002,607100
04-09-2020,11333.84961,11452.0498,11303.65039,11354.40039,681300
07-09-2020,11355.0498,11381.15039,11251.7002,11359.59961,560300
08-09-2020,11317.34961,11437.25,11290.4502,11378.5498,572200
09-09-2020,11278,11298.15039,11185.15039,11218.59961,728900
10-09-2020,11449.25,11464.0498,11327.40039,11363.2998,679400
11-09-2020,11464.4502,11493.5,11419.90039,11447.7998,554800
14-09-2020,11440.0498,11568.90039,11383.5498,11540.15039,642300
15-09-2020,11521.7998,11535.9502,11442.25,11487.2002,506700
16-09-2020,11604.5498,11618.09961,11516.75,11538.4502,527800
17-09-2020,11516.09961,11587.2002,11498.5,11539.40039,0
18-09-2020,11504.9502,11584.09961,11446.09961,11584.09961,764200
21-09-2020,11250.5498,11535.25,11218.5,11503.7998,602900
22-09-2020,11153.65039,11302.2002,11084.65039,11301.75,672200
23-09-2020,11131.84961,11259.5498,11024.40039,11258.75,714900
24-09-2020,10805.5498,11015.2998,10790.2002,11011,706100
25-09-2020,11050.25,11072.59961,10854.84961,10910.40039,559600
28-09-2020,11227.5498,11239.34961,11099.84961,11140.84961,472800
29-09-2020,11222.40039,11305.40039,11181,11288.59961,498300
30-09-2020,11247.5498,11295.40039,11184.5498,11244.4502,499300
01-10-2020,11416.9502,11428.59961,11347.0498,11364.4502,447700
05-10-2020,11503.34961,11578.0498,11452.2998,11487.7998,530600
06-10-2020,11662.40039,11680.2998,11564.2998,11603.4502,561400
07-10-2020,11738.84961,11763.0498,11629.34961,11679.25,513400
08-10-2020,11834.59961,11905.7002,11791.15039,11835.40039,608800
09-10-2020,11914.2002,11938.59961,11805.2002,11852.0498,611100
12-10-2020,11930.9502,12022.0498,11867.2002,11973.5498,522600
13-10-2020,11934.5,11988.2002,11888.90039,11934.65039,458300
14-10-2020,11971.0498,11997.2002,11822.15039,11917.40039,569200
15-10-2020,11680.34961,12025.4502,11661.2998,12023.4502,608900
16-10-2020,11762.4502,11789.75,11667.84961,11727.40039,555800
19-10-2020,11873.0498,11898.25,11820.40039,11879.2002,541400
20-10-2020,11896.7998,11949.25,11837.25,11861,453600
21-10-2020,11937.65039,12018.65039,11775.75,11958.5498,623700
22-10-2020,11896.4502,11939.5498,11823.4502,11890,544900
23-10-2020,11930.34961,11974.5498,11908.75,11957.90039,502300
26-10-2020,11767.75,11942.84961,11711.7002,11937.40039,519800
27-10-2020,11889.40039,11899.0498,11723,11807.09961,616300
28-10-2020,11729.59961,11929.40039,11684.84961,11922.59961,704000
29-10-2020,11670.7998,11744.15039,11606.4502,11633.2998,555000
30-10-2020,11642.40039,11748.9502,11535.4502,11678.4502,553700
02-11-2020,11669.15039,11725.65039,11557.40039,11697.34961,568400
03-11-2020,11813.5,11836.2002,11723.2998,11734.4502,674300
04-11-2020,11908.5,11929.65039,11756.40039,11783.34961,667300
05-11-2020,12120.2998,12131.09961,12027.59961,12062.40039,632500
06-11-2020,12263.5498,12280.40039,12131.84961,12156.65039,576800
09-11-2020,12461.0498,12474.0498,12367.34961,12399.40039,553400
10-11-2020,12631.09961,12643.90039,12475.25,12556.40039,847500
11-11-2020,12749.15039,12769.75,12571.09961,12680.59961,880500
12-11-2020,12690.7998,12741.15039,12624.84961,12702.15039,622000
13-11-2020,12719.9502,12735.9502,12607.7002,12659.7002,513900
17-11-2020,12874.2002,12934.0498,12797.09961,12932.5,707700
18-11-2020,12938.25,12948.84961,12819.34961,12860.09961,731300
19-11-2020,12771.7002,12963,12745.75,12839.5,768800
20-11-2020,12859.0498,12892.4502,12730.25,12813.40039,664000
23-11-2020,12926.4502,12968.84961,12825.7002,12960.2998,633100
24-11-2020,13055.15039,13079.09961,12978,13002.59961,571900
25-11-2020,12858.40039,13145.84961,12833.65039,13130,679000
26-11-2020,12987,13018,12790.40039,12906.4502,549800
27-11-2020,12968.9502,13035.2998,12914.2998,13012.0498,1162400
01-12-2020,13109.0498,13128.40039,12962.7998,13062.2002,583600
02-12-2020,13113.75,13128.5,12983.5498,13121.40039,717700
03-12-2020,13133.90039,13216.59961,13107.90039,13215.2998,713700
04-12-2020,13258.5498,13280.0498,13152.84961,13177.40039,640500
07-12-2020,13355.75,13366.65039,13241.9502,13264.84961,591700
08-12-2020,13392.9502,13435.4502,13311.0498,13393.84961,543200
09-12-2020,13529.09961,13548.90039,13449.59961,13458.09961,502600
10-12-2020,13478.2998,13503.5498,13399.2998,13488.5,553400
11-12-2020,13513.84961,13579.34961,13402.84961,13512.2998,787700
14-12-2020,13558.15039,13597.5,13472.4502,13571.4502,558400
15-12-2020,13567.84961,13589.65039,13447.0498,13547.2002,497600
16-12-2020,13682.7002,13692.34961,13606.4502,13663.09961,462200
17-12-2020,13740.7002,13773.25,13673.5498,13713.5498,416000
18-12-2020,13760.5498,13772.84961,13658.59961,13764.40039,519400
21-12-2020,13328.40039,13777.5,13131.4502,13741.90039,687300
22-12-2020,13466.2998,13492.0498,13192.90039,13373.65039,696200
23-12-2020,13601.09961,13619.4502,13432.2002,13473.5,458700
24-12-2020,13749.25,13771.75,13626.90039,13672.15039,471400
28-12-2020,13873.2002,13885.2998,13811.5498,13815.15039,403600
29-12-2020,13932.59961,13967.59961,13859.90039,13910.34961,439600
30-12-2020,13981.9502,13997,13864.9502,13980.90039,380700
31-12-2020,13981.75,14024.84961,13936.4502,13970,452400
01-01-2021,14018.5,14049.84961,13991.34961,13996.09961,358100
04-01-2021,14132.90039,14147.9502,13953.75,14104.34961,495000
05-01-2021,14199.5,14215.59961,14048.15039,14075.15039,492500
06-01-2021,14146.25,14244.15039,14039.90039,14240.9502,632300
07-01-2021,14137.34961,14256.25,14123.09961,14253.75,559200
08-01-2021,14347.25,14367.2998,14221.65039,14258.40039,613500
11-01-2021,14484.75,14498.2002,14383.09961,14474.0498,672900
12-01-2021,14563.4502,14590.65039,14432.84961,14473.7998,929600
13-01-2021,14564.84961,14653.34961,14435.7002,14639.7998,874000
14-01-2021,14595.59961,14617.7998,14471.5,14550.0498,620200
15-01-2021,14433.7002,14617.4502,14357.84961,14594.34961,789600
18-01-2021,14281.2998,14459.15039,14222.7998,14453.2998,762000
19-01-2021,14521.15039,14546.0498,14350.84961,14371.65039,546100
20-01-2021,14644.7002,14666.4502,14517.5498,14538.2998,623100
21-01-2021,14590.34961,14753.5498,14517.25,14730.9502,704600
22-01-2021,14371.90039,14619.90039,14357.75,14583.40039,776800
25-01-2021,14238.90039,14491.09961,14218.59961,14477.7998,618600
27-01-2021,13967.5,14237.9502,13929.2998,14237.9502,660700
28-01-2021,13817.5498,13898.25,13713.25,13810.40039,637900
29-01-2021,13634.59961,13966.84961,13596.75,13946.59961,753200
01-02-2021,14281.2002,14336.34961,13661.75,13758.59961,870500
02-02-2021,14647.84961,14731.7002,14469.15039,14481.09961,915000
03-02-2021,14789.9502,14868.84961,14574.15039,14754.90039,869500
04-02-2021,14895.65039,14913.7002,14714.75,14789.0498,884700
05-02-2021,14924.25,15014.65039,14864.75,14952.59961,935600
08-02-2021,15115.7998,15159.90039,15041.0498,15064.2998,671200
09-02-2021,15109.2998,15257.09961,15064.2998,15164.15039,713300
10-02-2021,15106.5,15168.25,14977.2002,15119.0498,624800
11-02-2021,15173.2998,15188.5,15065.40039,15073.25,500100
12-02-2021,15163.2998,15243.5,15081,15186.2002,571800
15-02-2021,15314.7002,15340.15039,15243.40039,15270.2998,456000
16-02-2021,15313.4502,15431.75,15242.2002,15371.4502,648500
17-02-2021,15208.90039,15314.2998,15170.75,15279.90039,504800
18-02-2021,15118.9502,15250.75,15078.0498,15238.7002,770600
19-02-2021,14981.75,15144.0498,14898.2002,15074.7998,712200
22-02-2021,14675.7002,15010.09961,14635.0498,14999.0498,609900
23-02-2021,14707.7998,14854.5,14651.84961,14782.25,744100
24-02-2021,14982,15008.7998,14504.5,14729.15039,403800
25-02-2021,15097.34961,15176.5,15065.34961,15079.84961,803900
26-02-2021,14529.15039,14919.4502,14467.75,14888.59961,1103600
01-03-2021,14761.5498,14806.7998,14638.5498,14702.5,507300
02-03-2021,14919.09961,14959.09961,14760.7998,14865.2998,621700
03-03-2021,15245.59961,15273.15039,14995.7998,15064.40039,544200
04-03-2021,15080.75,15202.34961,14980.2002,15026.75,534900
05-03-2021,14938.09961,15092.34961,14862.09961,14977.9502,640700
08-03-2021,14956.2002,15111.15039,14919.90039,15002.4502,0
09-03-2021,15098.40039,15126.84961,14925.4502,15049.90039,675300
10-03-2021,15174.7998,15218.4502,15100.84961,15202.15039,404600
12-03-2021,15030.9502,15336.2998,14953.59961,15321.15039,493200
15-03-2021,14929.5,15048.40039,14745.84961,15048.40039,467500
16-03-2021,14910.4502,15051.59961,14890.65039,14996.09961,100
17-03-2021,14721.2998,14956.5498,14696.0498,14946.5498,100
18-03-2021,14557.84961,14875.2002,14478.59961,14855.5,542200
19-03-2021,14744,14788.25,14350.09961,14471.15039,919200
22-03-2021,14736.40039,14763.90039,14597.84961,14736.2998,459000
23-03-2021,14814.75,14878.59961,14707,14768.5498,474200
24-03-2021,14549.40039,14752.34961,14535,14712.4502,456400
25-03-2021,14324.90039,14575.59961,14264.40039,14570.90039,606800
26-03-2021,14507.2998,14572.90039,14414.25,14506.2998,481000
30-03-2021,14845.09961,14876.2998,14617.59961,14628.5,594500
31-03-2021,14690.7002,14813.75,14670.25,14811.84961,463900
01-04-2021,14867.34961,14883.2002,14692.4502,14798.40039,445000
05-04-2021,14637.7998,14849.84961,14459.5,14837.7002,509700
06-04-2021,14683.5,14779.09961,14573.90039,14737,475300
07-04-2021,14819.0498,14879.7998,14649.84961,14716.4502,0
08-04-2021,14873.7998,14984.15039,14821.09961,14875.65039,514800
09-04-2021,14834.84961,14918.4502,14785.65039,14882.65039,504100
12-04-2021,14310.7998,14652.5,14248.7002,14644.65039,650200
13-04-2021,14504.7998,14528.90039,14274.90039,14364.90039,605100
15-04-2021,14581.4502,14597.5498,14353.2002,14522.40039,568000
16-04-2021,14617.84961,14697.7002,14559,14599.59961,577200
19-04-2021,14359.4502,14382.2998,14191.40039,14306.59961,512300
20-04-2021,14296.40039,14526.9502,14207.2998,14526.7002,467400
22-04-2021,14406.15039,14424.75,14151.40039,14219.15039,524600
23-04-2021,14341.34961,14461.15039,14273.2998,14326.34961,498100
26-04-2021,14485,14557.5,14421.2998,14449.4502,452700
27-04-2021,14653.0498,14667.5498,14484.84961,14493.7998,451800
28-04-2021,14864.5498,14890.25,14694.9502,14710.5,457000
29-04-2021,14894.90039,15044.34961,14814.4502,14979,517500
30-04-2021,14631.09961,14855.4502,14601.7002,14747.34961,613900
03-05-2021,14634.15039,14673.84961,14416.25,14481.0498,448900
04-05-2021,14496.5,14723.40039,14461.5,14687.25,503400
05-05-2021,14617.84961,14637.90039,14506.59961,14604.15039,455900
06-05-2021,14724.7998,14743.90039,14611.5,14668.34961,467800
07-05-2021,14823.15039,14863.0498,14765.5,14816.84961,488000
10-05-2021,14942.34961,14966.90039,14892.5,14928.25,522000
11-05-2021,14850.75,14900,14771.40039,14789.7002,647400
12-05-2021,14696.5,14824.0498,14649.7002,14823.5498,643800
14-05-2021,14677.7998,14749.65039,14591.90039,14749.40039,620700
17-05-2021,14923.15039,14938,14725.34961,14756.25,546400
18-05-2021,15108.09961,15137.25,15043.7002,15067.2002,583900
19-05-2021,15030.15039,15133.40039,15008.84961,15058.59961,569100
20-05-2021,14906.0498,15069.7998,14884.90039,15042.59961,480300
21-05-2021,15175.2998,15190,14985.84961,14987.7998,572900
24-05-2021,15197.7002,15256.25,15145.4502,15211.34961,579800
25-05-2021,15208.4502,15293.84961,15163.40039,15291.75,441500
26-05-2021,15301.4502,15319.90039,15194.9502,15257.0498,384000
27-05-2021,15337.84961,15384.5498,15272.5,15323.9502,0
28-05-2021,15435.65039,15469.65039,15394.75,15421.2002,468100
31-05-2021,15582.7998,15606.34961,15374,15437.75,436000
01-06-2021,15574.84961,15660.75,15528.2998,15629.65039,409600
02-06-2021,15576.2002,15597.4502,15459.84961,15520.34961,428600
03-06-2021,15690.34961,15705.09961,15611,15655.5498,410200
04-06-2021,15670.25,15733.59961,15622.34961,15712.5,414200
07-06-2021,15751.65039,15773.4502,15678.09961,15725.09961,394000
08-06-2021,15740.09961,15778.7998,15680,15773.90039,378200
09-06-2021,15635.34961,15800.4502,15566.90039,15766.2998,457900
10-06-2021,15737.75,15751.25,15648.5,15692.09961,298300
11-06-2021,15799.34961,15835.5498,15749.7998,15796.4502,363000
14-06-2021,15811.84961,15823.0498,15606.5,15791.40039,392900
15-06-2021,15869.25,15901.59961,15842.40039,15866.9502,323300
16-06-2021,15767.5498,15880.84961,15742.59961,15847.5,340200
17-06-2021,15691.40039,15769.34961,15616.75,15648.2998,357600
18-06-2021,15683.34961,15761.5,15450.90039,15756.5,640800
21-06-2021,15746.5,15765.15039,15505.65039,15525.84961,351500
22-06-2021,15772.75,15895.75,15752.09961,15840.5,322200
23-06-2021,15686.9502,15862.9502,15673.9502,15862.7998,287500
24-06-2021,15790.4502,15821.40039,15702.7002,15737.2998,316700
25-06-2021,15860.34961,15870.7998,15772.2998,15839.34961,314600
28-06-2021,15814.7002,15915.65039,15792.15039,15915.34961,255100
29-06-2021,15748.4502,15835.90039,15724.0498,15807.5,360300
30-06-2021,15721.5,15839.09961,15708.75,15776.90039,262400
01-07-2021,15680,15755.5498,15667.0498,15755.0498,224900
02-07-2021,15722.2002,15738.34961,15635.9502,15705.84961,254800
05-07-2021,15834.34961,15845.9502,15762.0498,15793.40039,207000
06-07-2021,15818.25,15914.2002,15801,15813.75,391400
07-07-2021,15879.65039,15893.5498,15779.7002,15819.59961,329300
08-07-2021,15727.90039,15885.75,15682.90039,15855.40039,307900
09-07-2021,15689.7998,15730.84961,15632.75,15688.25,243200
12-07-2021,15692.59961,15789.2002,15644.75,15766.7998,216300
13-07-2021,15812.34961,15820.7998,15744.59961,15794,246700
14-07-2021,15853.9502,15877.34961,15764.2002,15808.7002,0
15-07-2021,15924.2002,15952.34961,15855,15872.15039,284900
16-07-2021,15923.40039,15962.25,15882.59961,15958.34961,276300
19-07-2021,15752.40039,15836.90039,15707.5,15754.5,242100
20-07-2021,15632.09961,15728.4502,15578.5498,15703.9502,274300
22-07-2021,15824.0498,15834.7998,15726.40039,15736.59961,265300
23-07-2021,15856.0498,15899.7998,15768.40039,15856.7998,294100
26-07-2021,15824.4502,15893.34961,15797,15849.2998,267100
27-07-2021,15746.4502,15881.5498,15701,15860.5,311000
28-07-2021,15709.40039,15767.5,15513.4502,15761.5498,318600
29-07-2021,15778.4502,15817.34961,15737.7998,15762.7002,401600
30-07-2021,15763.0498,15862.7998,15744.84961,15800.59961,400000
02-08-2021,15885.15039,15892.90039,15834.65039,15874.90039,244800
03-08-2021,16130.75,16146.90039,15914.34961,15951.5498,341300
04-08-2021,16258.7998,16290.2002,16176.15039,16195.25,427300
05-08-2021,16294.59961,16349.4502,16210.2998,16288.9502,418200
06-08-2021,16238.2002,16336.75,16223.2998,16304.40039,320100
09-08-2021,16258.25,16320.75,16179.0498,16281.34961,240500
10-08-2021,16280.09961,16359.25,16202.25,16274.7998,288000
11-08-2021,16282.25,16338.75,16162.5498,16327.2998,277900
12-08-2021,16364.40039,16375.5,16286.90039,16303.65039,280200
13-08-2021,16529.09961,16543.59961,16376.2998,16385.69922,321900
16-08-2021,16563.05078,16589.40039,16480.75,16518.40039,254000
17-08-2021,16614.59961,16628.55078,16495.40039,16545.25,297400
18-08-2021,16568.84961,16701.84961,16535.84961,16691.94922,251800
20-08-2021,16450.5,16509.55078,16376.0498,16382.5,350800
23-08-2021,16496.44922,16592.5,16395.69922,16592.25,275600
24-08-2021,16624.59961,16647.09961,16495.30078,16561.40039,275400
25-08-2021,16634.65039,16712.44922,16617.5,16654,265900
26-08-2021,16636.90039,16683.69922,16603.40039,16627.94922,253500
27-08-2021,16705.19922,16722.05078,16565.59961,16642.55078,217400
30-08-2021,16931.05078,16951.5,16764.84961,16775.84961,283500
31-08-2021,17132.19922,17153.5,16915.84961,16947.5,464400
01-09-2021,17076.25,17225.75,17055.05078,17185.59961,301900
02-09-2021,17234.15039,17245.5,17059.69922,17095.40039,242400
03-09-2021,17323.59961,17340.09961,17212.19922,17262.44922,261400
06-09-2021,17377.80078,17429.55078,17345.55078,17399.34961,228000
07-09-2021,17362.09961,17436.5,17287,17401.55078,243400
08-09-2021,17353.5,17383.40039,17254.19922,17375.75,252700
09-09-2021,17369.25,17379.65039,17302.69922,17312.84961,241500
13-09-2021,17355.30078,17378.34961,17269.15039,17363.55078,241100
14-09-2021,17380,17438.55078,17367.05078,17420.34961,230400
15-09-2021,17519.44922,17532.69922,17386.90039,17387.65039,388200
16-09-2021,17629.5,17644.59961,17510.44922,17539.19922,503300
17-09-2021,17585.15039,17792.94922,17537.65039,17709.65039,508300
20-09-2021,17396.90039,17622.75,17361.80078,17443.84961,339100
21-09-2021,17562,17578.34961,17326.09961,17450.5,363600
22-09-2021,17546.65039,17610.44922,17524,17580.90039,295200
23-09-2021,17822.94922,17843.90039,17646.55078,17670.84961,320500
24-09-2021,17853.19922,17947.65039,17819.40039,17897.44922,360100
27-09-2021,17855.09961,17943.5,17802.90039,17932.19922,295700
28-09-2021,17748.59961,17912.84961,17576.09961,17906.44922,398000
29-09-2021,17711.30078,17781.75,17608.15039,17657.94922,562200
30-09-2021,17618.15039,17742.15039,17585.34961,17718.90039,378600
01-10-2021,17532.05078,17557.15039,17452.90039,17531.90039,305800
04-10-2021,17691.25,17750.90039,17581.34961,17615.55078,295800
05-10-2021,17822.30078,17833.44922,17640.90039,17661.34961,427000
06-10-2021,17646,17884.59961,17613.15039,17861.5,395800
07-10-2021,17790.34961,17857.55078,17763.80078,17810.55078,419900
08-10-2021,17895.19922,17941.84961,17840.34961,17886.84961,324100
11-10-2021,17945.94922,18041.94922,17839.09961,17867.55078,375800
12-10-2021,17991.94922,18008.65039,17864.94922,17915.80078,355600
13-10-2021,18161.75,18197.80078,18050.75,18097.84961,506700
14-10-2021,18338.55078,18350.75,18248.69922,18272.84961,538700
18-10-2021,18477.05078,18543.15039,18445.30078,18500.09961,469900
19-10-2021,18418.75,18604.44922,18377.69922,18602.34961,368200
20-10-2021,18266.59961,18458.30078,18209.34961,18439.90039,371300
21-10-2021,18178.09961,18384.19922,18048,18382.69922,365900
22-10-2021,18114.90039,18314.25,18034.34961,18230.69922,324700
25-10-2021,18125.40039,18241.40039,17968.5,18229.5,418700
26-10-2021,18268.40039,18310.44922,18099.30078,18154.5,341400
27-10-2021,18210.94922,18342.05078,18167.90039,18295.84961,335200
28-10-2021,17857.25,18190.69922,17799.44922,18187.65039,374200
29-10-2021,17671.65039,17915.84961,17613.09961,17833.05078,336500
01-11-2021,17929.65039,17954.09961,17697.09961,17783.15039,281200
02-11-2021,17888.94922,18012.25,17847.59961,17970.90039,296400
03-11-2021,17829.19922,17988.75,17757.94922,17947.94922,331000
04-11-2021,17916.80078,17947.55078,17900.59961,17935.05078,48500
08-11-2021,18068.55078,18087.80078,17836.09961,18040.19922,338900
09-11-2021,18044.25,18112.59961,17983.05078,18084.34961,270200
10-11-2021,18017.19922,18061.25,17915,17973.44922,261400
11-11-2021,17873.59961,17971.34961,17798.19922,17967.44922,232100
12-11-2021,18102.75,18123,17905.90039,17977.59961,249100
15-11-2021,18109.44922,18210.15039,18071.30078,18140.94922,280400
16-11-2021,17999.19922,18132.65039,17958.80078,18127.05078,267400
17-11-2021,17898.65039,18022.65039,17879.25,17939.34961,295700
18-11-2021,17764.80078,17945.59961,17688.5,17890.55078,278400
22-11-2021,17416.55078,17805.25,17280.44922,17796.25,356400
23-11-2021,17503.34961,17553.69922,17216.09961,17281.75,308800
24-11-2021,17415.05078,17600.59961,17354,17550.05078,298100
25-11-2021,17536.25,17564.34961,17351.69922,17417.30078,255900
26-11-2021,17026.44922,17355.40039,16985.69922,17338.75,356300
29-11-2021,17053.94922,17160.69922,16782.40039,17055.80078,348900
30-11-2021,16983.19922,17324.65039,16931.40039,17051.15039,498000
01-12-2021,17166.90039,17213.05078,17064.25,17104.40039,295500
02-12-2021,17401.65039,17420.34961,17149.30078,17183.19922,279900
03-12-2021,17196.69922,17489.80078,17180.80078,17424.90039,292500
06-12-2021,16912.25,17216.75,16891.69922,17209.05078,231700
07-12-2021,17176.69922,17251.65039,16987.75,17044.09961,254100
08-12-2021,17469.75,17484.59961,17308.94922,17315.25,257800
09-12-2021,17516.84961,17543.25,17379.59961,17524.40039,237200
10-12-2021,17511.30078,17534.34961,17405.25,17476.05078,204500
13-12-2021,17368.25,17639.5,17355.94922,17619.09961,256600
14-12-2021,17324.90039,17376.19922,17225.80078,17283.19922,271000
15-12-2021,17221.40039,17351.19922,17192.19922,17323.65039,215000
16-12-2021,17248.40039,17379.34961,17184.94922,17373,219500
17-12-2021,16985.19922,17298.15039,16966.44922,17276,354600
20-12-2021,16614.19922,16840.09961,16410.19922,16824.25,330600
21-12-2021,16770.84961,16936.40039,16688.25,16773.15039,241000
22-12-2021,16955.44922,16971,16819.5,16865.55078,207900
23-12-2021,17072.59961,17118.65039,17015.55078,17066.80078,197000
24-12-2021,17003.75,17155.59961,16909.59961,17149.5,182600
27-12-2021,17086.25,17112.05078,16833.19922,16937.75,144800
28-12-2021,17233.25,17250.25,17161.15039,17177.59961,176000
29-12-2021,17213.59961,17285.94922,17176.65039,17220.09961,161700
30-12-2021,17203.94922,17264.05078,17146.34961,17201.44922,320800
31-12-2021,17354.05078,17400.80078,17238.5,17244.5,167000
03-01-2022,17625.69922,17646.65039,17383.30078,17387.15039,200500
04-01-2022,17805.25,17827.59961,17593.55078,17681.40039,247400
05-01-2022,17925.25,17944.69922,17748.84961,17820.09961,251500
06-01-2022,17745.90039,17797.94922,17655.55078,17768.5,236500
07-01-2022,17812.69922,17905,17704.55078,17797.59961,239300
10-01-2022,18003.30078,18017.44922,17879.15039,17913.30078,232400
11-01-2022,18055.75,18081.25,17964.40039,17997.75,220200
12-01-2022,18212.34961,18227.94922,18128.80078,18170.40039,245000
13-01-2022,18257.80078,18272.25,18163.80078,18257,303700
14-01-2022,18255.75,18286.94922,18119.65039,18185,229500
17-01-2022,18308.09961,18321.55078,18228.75,18235.65039,266700
18-01-2022,18113.05078,18350.94922,18085.90039,18337.19922,227500
19-01-2022,17938.40039,18129.19922,17884.90039,18129.19922,276700
20-01-2022,17757,17943.69922,17648.44922,17921,258100
21-01-2022,17617.15039,17707.59961,17485.84961,17613.69922,277600
24-01-2022,17149.09961,17599.40039,16997.84961,17575.15039,323800
25-01-2022,17277.94922,17309.15039,16836.80078,17001.55078,326500
27-01-2022,17110.15039,17182.5,16866.75,17062,395600
28-01-2022,17101.94922,17373.5,17077.09961,17208.30078,355300
31-01-2022,17339.84961,17410,17264.15039,17301.05078,321700
01-02-2022,17576.84961,17622.40039,17244.55078,17529.44922,386400
02-02-2022,17780,17794.59961,17674.80078,17706.19922,271200
03-02-2022,17560.19922,17781.15039,17511.15039,17767.75,226600
04-02-2022,17516.30078,17617.80078,17462.55078,17590.19922,261400
07-02-2022,17213.59961,17536.75,17119.40039,17456.30078,265000
08-02-2022,17266.75,17306.44922,17043.65039,17279.84961,268500
09-02-2022,17463.80078,17477.15039,17339,17370.09961,236400
10-02-2022,17605.84961,17639.44922,17427.15039,17554.09961,273600
11-02-2022,17374.75,17454.75,17303,17451,253100
14-02-2022,16842.80078,17099.5,16809.65039,17076.15039,305500
15-02-2022,17352.44922,17375,16839.25,16933.25,298700
16-02-2022,17322.19922,17490.59961,17257.69922,17408.44922,244500
17-02-2022,17304.59961,17442.90039,17235.84961,17396.55078,232100
18-02-2022,17276.30078,17380.80078,17219.19922,17236.05078,189600
21-02-2022,17206.65039,17351.05078,17070.69922,17192.25,215200
22-02-2022,17092.19922,17148.55078,16843.80078,16847.94922,300100
23-02-2022,17063.25,17220.69922,17027.84961,17194.5,200200
24-02-2022,16247.9502,16705.25,16203.25,16548.90039,458000
25-02-2022,16658.40039,16748.80078,16478.30078,16515.65039,329800
28-02-2022,16793.90039,16815.90039,16356.2998,16481.59961,404200
02-03-2022,16605.94922,16678.5,16478.65039,16593.09961,517700
03-03-2022,16498.05078,16768.94922,16442.94922,16723.19922,442100
04-03-2022,16245.34961,16456,16133.7998,16339.4502,456100
07-03-2022,15863.15039,15944.59961,15711.4502,15867.9502,585400
08-03-2022,16013.4502,16028.75,15671.4502,15747.75,543600
09-03-2022,16345.34961,16418.05078,15990,16078,462200
10-03-2022,16594.90039,16757.30078,16447.90039,16757.09961,486400
11-03-2022,16630.44922,16694.40039,16470.90039,16528.80078,343700
14-03-2022,16871.30078,16887.94922,16606.5,16633.69922,314700
15-03-2022,16663,16927.75,16555,16900.65039,381600
16-03-2022,16975.34961,16987.90039,16837.84961,16876.65039,260000
17-03-2022,17287.05078,17344.59961,17175.75,17202.90039,448300
21-03-2022,17117.59961,17353.34961,17096.40039,17329.5,285500
22-03-2022,17315.5,17334.40039,17006.30078,17120.40039,338300
23-03-2022,17245.65039,17442.40039,17199.59961,17405.05078,292100
24-03-2022,17222.75,17291.75,17091.15039,17094.94922,290300
25-03-2022,17153,17294.90039,17076.55078,17289,237100
28-03-2022,17222,17235.09961,17003.90039,17181.84961,253200
29-03-2022,17325.30078,17343.65039,17235.69922,17297.19922,235100
30-03-2022,17498.25,17522.5,17387.19922,17468.15039,505000
31-03-2022,17464.75,17559.80078,17435.19922,17519.19922,281100
01-04-2022,17670.44922,17703.69922,17422.69922,17436.90039,291800
04-04-2022,18053.40039,18114.65039,17791.40039,17809.09961,345500
05-04-2022,17957.40039,18095.44922,17921.55078,18080.59961,283500
06-04-2022,17807.65039,17901,17779.84961,17842.75,328800
07-04-2022,17639.55078,17787.5,17623.69922,17723.30078,308800
08-04-2022,17784.34961,17842.75,17600.55078,17698.15039,274400
11-04-2022,17674.94922,17779.05078,17650.94922,17740.90039,251700
12-04-2022,17530.30078,17595.30078,17442.34961,17584.84961,266000
13-04-2022,17475.65039,17663.65039,17457.40039,17599.90039,245100
18-04-2022,17173.65039,17237.75,17067.84961,17183.44922,376100
19-04-2022,16958.65039,17275.65039,16824.69922,17258.94922,401400
20-04-2022,17136.55078,17186.90039,16978.94922,17045.25,286100
21-04-2022,17392.59961,17414.69922,17215.5,17234.59961,285200
22-04-2022,17171.94922,17315.30078,17149.19922,17242.75,262700
25-04-2022,16953.94922,17054.30078,16888.69922,17009.05078,275700
26-04-2022,17200.80078,17223.84961,17064.44922,17121.30078,261100
27-04-2022,17038.40039,17110.69922,16958.44922,17073.34961,265100
28-04-2022,17245.05078,17322.5,17071.05078,17189.5,312900
29-04-2022,17102.55078,17377.65039,17053.25,17329.25,336200
02-05-2022,17069.09961,17092.25,16917.25,16924.44922,278200
04-05-2022,16677.59961,17132.84961,16623.94922,17096.59961,310600
05-05-2022,16682.65039,16945.69922,16651.84961,16854.75,265800
06-05-2022,16411.25,16484.19922,16340.90039,16415.55078,300500
09-05-2022,16301.84961,16403.69922,16142.09961,16227.7002,288400
10-05-2022,16240.0498,16404.55078,16197.2998,16248.90039,283100
11-05-2022,16167.09961,16318.75,15992.59961,16270.0498,284300
12-05-2022,15808,16041.9502,15735.75,16021.09961,314900
13-05-2022,15782.15039,16083.59961,15740.84961,15977,369100
16-05-2022,15842.2998,15977.9502,15739.65039,15845.09961,217600
17-05-2022,16259.2998,16284.25,15900.7998,15912.59961,295700
18-05-2022,16240.2998,16399.80078,16211.2002,16318.15039,290400
19-05-2022,15809.40039,15984.75,15775.2002,15917.40039,313900
20-05-2022,16266.15039,16283.0498,16003.84961,16043.7998,252400
23-05-2022,16214.7002,16414.69922,16185.75,16290.9502,293800
24-05-2022,16125.15039,16262.7998,16078.59961,16225.5498,249800
25-05-2022,16025.7998,16223.34961,16006.9502,16196.34961,243300
26-05-2022,16170.15039,16204.4502,15903.7002,16105,314300
27-05-2022,16352.4502,16370.59961,16221.9502,16296.59961,274100
30-05-2022,16661.40039,16695.5,16506.15039,16527.90039,251400
31-05-2022,16584.55078,16690.75,16521.90039,16578.44922,651600
01-06-2022,16522.75,16649.19922,16438.84961,16594.40039,249600
02-06-2022,16628,16646.40039,16443.05078,16481.65039,236000
03-06-2022,16584.30078,16793.84961,16567.90039,16761.65039,245500
06-06-2022,16569.55078,16610.94922,16444.55078,16530.69922,233600
07-06-2022,16416.34961,16487.25,16347.09961,16469.59961,233800
08-06-2022,16356.25,16514.30078,16293.34961,16474.94922,243500
09-06-2022,16478.09961,16492.80078,16243.84961,16263.84961,205000
10-06-2022,16201.7998,16324.7002,16172.59961,16283.9502,189700
13-06-2022,15774.40039,15886.15039,15684,15877.5498,225500
14-06-2022,15732.09961,15858,15659.4502,15674.25,225400
15-06-2022,15692.15039,15783.65039,15678.90039,15729.25,183000
16-06-2022,15360.59961,15863.15039,15335.09961,15832.25,264700
17-06-2022,15293.5,15400.40039,15183.40039,15272.65039,342600
20-06-2022,15350.15039,15382.5,15191.09961,15334.5,260000
21-06-2022,15638.7998,15707.25,15419.84961,15455.9502,262800
22-06-2022,15413.2998,15565.40039,15385.9502,15545.65039,220900
23-06-2022,15556.65039,15628.4502,15367.5,15451.5498,259200
24-06-2022,15699.25,15749.25,15619.4502,15657.40039,219600
27-06-2022,15832.0498,15927.4502,15815.5,15926.2002,210900
28-06-2022,15850.2002,15892.09961,15710.15039,15757.4502,251900
29-06-2022,15799.09961,15861.59961,15687.7998,15701.7002,444900
30-06-2022,15780.25,15890,15728.84961,15774.5,306000
01-07-2022,15752.0498,15793.9502,15511.0498,15703.7002,364100
04-07-2022,15835.34961,15852.34961,15661.7998,15710.5,304300
05-07-2022,15810.84961,16025.75,15785.4502,15909.15039,254200
06-07-2022,15989.7998,16011.34961,15800.90039,15818.2002,288400
07-07-2022,16132.90039,16150.5,16045.9502,16113.75,264600
08-07-2022,16220.59961,16275.5,16157.90039,16273.65039,281100
11-07-2022,16216,16248.5498,16115.5,16136.15039,255900
12-07-2022,16058.2998,16158.75,16031.15039,16126.2002,208600
13-07-2022,15966.65039,16140,15950.15039,16128.2002,233300
14-07-2022,15938.65039,16070.84961,15858.2002,16018.84961,228600
15-07-2022,16049.2002,16066.9502,15927.2998,16010.7998,205800
18-07-2022,16278.5,16287.9502,16142.2002,16151.40039,227700
19-07-2022,16340.5498,16359.5,16187.0498,16187.0498,222600
20-07-2022,16520.84961,16588,16490.94922,16562.80078,284400
21-07-2022,16605.25,16626.94922,16483.90039,16523.55078,243600
22-07-2022,16719.44922,16752.25,16610.90039,16661.25,190900
25-07-2022,16631,16706.05078,16564.25,16662.55078,211400
26-07-2022,16483.84961,16636.09961,16463.30078,16632.90039,208200
27-07-2022,16641.80078,16653.44922,16438.75,16475.34961,185200
28-07-2022,16929.59961,16947.65039,16746.25,16774.84961,376300
29-07-2022,17158.25,17172.80078,17018.15039,17079.5,436100
01-08-2022,17340.05078,17356.25,17154.80078,17243.19922,381500
02-08-2022,17345.44922,17390.15039,17215.84961,17310.15039,333600
03-08-2022,17388.15039,17407.5,17225.84961,17349.25,285400
04-08-2022,17382,17490.69922,17161.25,17463.09961,325000
05-08-2022,17397.5,17474.40039,17348.75,17423.65039,355300
08-08-2022,17525.09961,17548.80078,17359.75,17401.5,257000
10-08-2022,17534.75,17566.09961,17442.80078,17566.09961,312700
11-08-2022,17659,17719.30078,17631.94922,17711.65039,311200
12-08-2022,17698.15039,17724.65039,17597.84961,17659.65039,303900
16-08-2022,17825.25,17839.09961,17764.05078,17797.19922,0
17-08-2022,17944.25,17965.94922,17833.34961,17868.15039,262800
18-08-2022,17956.5,17968.44922,17852.05078,17898.65039,263900
19-08-2022,17758.44922,17992.19922,17710.75,17966.55078,295600
22-08-2022,17490.69922,17690.05078,17467.34961,17682.90039,287600
23-08-2022,17577.5,17625.55078,17345.19922,17357.34961,285600
24-08-2022,17604.94922,17623.65039,17499.25,17525.44922,262000
25-08-2022,17522.44922,17726.5,17487.44922,17679,230200
26-08-2022,17558.90039,17685.84961,17519.34961,17619.30078,266600
29-08-2022,17312.90039,17380.15039,17166.19922,17188.65039,244900
30-08-2022,17759.30078,17777.65039,17401.5,17414.94922,324700
01-09-2022,17542.80078,17695.59961,17468.44922,17485.69922,308500
02-09-2022,17539.44922,17643.84961,17476.44922,17598.40039,256300
05-09-2022,17665.80078,17683.15039,17540.34961,17546.44922,230300
06-09-2022,17655.59961,17764.65039,17587.65039,17695.69922,251200
07-09-2022,17624.40039,17650.75,17484.30078,17519.40039,354100
08-09-2022,17798.75,17807.65039,17691.94922,17748.15039,279800
09-09-2022,17833.34961,17925.94922,17786,17923.34961,270300
12-09-2022,17936.34961,17980.55078,17889.15039,17890.84961,228200
13-09-2022,18070.05078,18088.30078,18015.44922,18044.44922,259900
14-09-2022,18003.75,18091.55078,17771.15039,17771.15039,365900
15-09-2022,17877.40039,18096.15039,17861.5,18046.34961,289600
16-09-2022,17530.84961,17820.05078,17497.25,17796.80078,468500
19-09-2022,17622.25,17667.19922,17429.69922,17540.65039,258300
20-09-2022,17816.25,17919.30078,17744.40039,17770.40039,263100
21-09-2022,17718.34961,17838.69922,17663.59961,17766.34961,245500
22-09-2022,17629.80078,17722.75,17532.44922,17609.65039,284100
23-09-2022,17327.34961,17642.15039,17291.65039,17593.84961,390800
26-09-2022,17016.30078,17196.40039,16978.30078,17156.30078,492000
27-09-2022,17007.40039,17176.44922,16942.34961,17110.90039,359900
28-09-2022,16858.59961,17037.59961,16820.40039,16870.55078,323900
29-09-2022,16818.09961,17026.05078,16788.59961,16993.59961,340000
30-09-2022,17094.34961,17187.09961,16747.69922,16798.05078,376100
03-10-2022,16887.34961,17114.65039,16855.55078,17102.09961,278400
04-10-2022,17274.30078,17287.30078,17117.30078,17147.44922,226000
06-10-2022,17331.80078,17428.80078,17315.65039,17379.25,265500
07-10-2022,17314.65039,17337.34961,17216.94922,17287.19922,216300
10-10-2022,17241,17280.15039,17064.69922,17094.34961,234000
11-10-2022,16983.55078,17261.80078,16950.30078,17256.05078,282600
12-10-2022,17123.59961,17142.34961,16960.05078,17025.55078,256000
13-10-2022,17014.34961,17112.34961,16956.94922,17087.34961,266400
14-10-2022,17185.69922,17348.55078,17169.75,17322.30078,227000
17-10-2022,17311.80078,17328.55078,17098.55078,17144.80078,212200
18-10-2022,17486.94922,17527.80078,17434.05078,17438.75,239500
19-10-2022,17512.25,17607.59961,17472.84961,17568.15039,210500
20-10-2022,17563.94922,17584.15039,17421,17423.09961,249600
21-10-2022,17576.30078,17670.15039,17520.75,17622.84961,277700
24-10-2022,17730.75,17777.55078,17707.40039,17736.34961,45000
25-10-2022,17656.34961,17811.5,17637,17808.30078,251400
27-10-2022,17736.94922,17783.90039,17654.5,17771.40039,324600
28-10-2022,17786.80078,17838.90039,17723.69922,17756.40039,250000
31-10-2022,18012.19922,18022.80078,17899.90039,17910.19922,227200
01-11-2022,18145.40039,18175.80078,18060.15039,18130.69922,349900
02-11-2022,18082.84961,18178.75,18048.65039,18177.90039,270900
03-11-2022,18052.69922,18106.30078,17959.19922,17968.34961,213000
04-11-2022,18117.15039,18135.09961,18017.15039,18053.40039,267900
07-11-2022,18202.80078,18255.5,18064.75,18211.75,314800
09-11-2022,18157,18296.40039,18117.5,18288.25,307200
10-11-2022,18028.19922,18103.09961,17969.40039,18044.34961,256500
11-11-2022,18349.69922,18362.30078,18259.34961,18272.34961,378500
14-11-2022,18329.15039,18399.44922,18311.40039,18376.40039,301400
15-11-2022,18403.40039,18427.94922,18282,18362.75,250900
16-11-2022,18409.65039,18442.15039,18344.15039,18398.25,219300
17-11-2022,18343.90039,18417.59961,18312.94922,18358.69922,200500
18-11-2022,18307.65039,18394.59961,18209.80078,18382.94922,198800
21-11-2022,18159.94922,18262.30078,18133.34961,18246.40039,213800
22-11-2022,18244.19922,18261.84961,18137.69922,18179.15039,177700
23-11-2022,18267.25,18325.40039,18246,18325.19922,178800
24-11-2022,18484.09961,18529.69922,18294.25,18326.09961,204000
25-11-2022,18512.75,18534.90039,18445.09961,18528.44922,205900
28-11-2022,18562.75,18614.25,18365.59961,18430.55078,206500
29-11-2022,18618.05078,18678.09961,18552.15039,18552.44922,195300
30-11-2022,18758.34961,18816.05078,18616.55078,18625.69922,345600
01-12-2022,18812.5,18887.59961,18778.19922,18871.94922,325000
02-12-2022,18696.09961,18781.94922,18639.19922,18752.40039,254400
05-12-2022,18701.05078,18728.59961,18591.34961,18719.55078,288400
06-12-2022,18642.75,18654.90039,18577.90039,18600.65039,217800
07-12-2022,18560.5,18668.30078,18528.40039,18638.84961,200500
08-12-2022,18609.34961,18625,18536.94922,18570.84961,202800
09-12-2022,18496.59961,18664.69922,18410.09961,18662.40039,215800
12-12-2022,18497.15039,18521.55078,18345.69922,18402.15039,193900
13-12-2022,18608,18617.25,18490.19922,18524.40039,187600
14-12-2022,18660.30078,18696.09961,18632.90039,18671.25,208000
15-12-2022,18414.90039,18652.90039,18387.69922,18614.40039,183100
16-12-2022,18269,18440.94922,18255.15039,18319.09961,277700
19-12-2022,18420.44922,18431.65039,18244.55078,18288.09961,154800
20-12-2022,18385.30078,18404.90039,18202.65039,18340.30078,169000
21-12-2022,18199.09961,18473.34961,18162.75,18435.15039,187600
22-12-2022,18127.34961,18318.75,18068.59961,18288.80078,195700
23-12-2022,17806.80078,18050.44922,17779.5,17977.65039,221500
26-12-2022,18014.59961,18084.09961,17774.25,17830.40039,176700
27-12-2022,18132.30078,18149.25,17967.44922,18089.80078,214300
28-12-2022,18122.5,18173.09961,18068.34961,18084.75,193900
29-12-2022,18191,18229.69922,17992.80078,18045.69922,281100
30-12-2022,18105.30078,18265.25,18080.30078,18259.09961,192000
02-01-2023,18197.44922,18215.15039,18086.5,18131.69922,256100
03-01-2023,18232.55078,18251.94922,18149.80078,18163.19922,208700
04-01-2023,18042.94922,18243,18020.59961,18230.65039,235200
05-01-2023,17992.15039,18120.30078,17892.59961,18101.94922,269900
06-01-2023,17859.44922,18047.40039,17795.55078,18008.05078,238200
09-01-2023,18101.19922,18141.40039,17936.15039,17952.55078,257200
10-01-2023,17914.15039,18127.59961,17856,18121.30078,283300
11-01-2023,17895.69922,17976.34961,17824.34961,17924.25,259900
12-01-2023,17858.19922,17945.80078,17761.65039,17920.84961,227800
13-01-2023,17956.59961,17999.34961,17774.25,17867.5,256700
16-01-2023,17894.84961,18049.65039,17853.65039,18033.15039,206200
17-01-2023,18053.30078,18072.05078,17886.94922,17922.80078,219100
18-01-2023,18165.34961,18183.75,18032.44922,18074.30078,255800
19-01-2023,18107.84961,18155.19922,18063.75,18119.80078,237800
20-01-2023,18027.65039,18145.44922,18016.19922,18115.59961,237200
23-01-2023,18118.55078,18162.59961,18063.44922,18118.44922,202500
24-01-2023,18118.30078,18201.25,18078.65039,18183.94922,216900
25-01-2023,17891.94922,18100.59961,17846.15039,18093.34961,257200
27-01-2023,17604.34961,17884.75,17493.55078,17877.19922,476300
30-01-2023,17648.94922,17709.15039,17405.55078,17541.94922,432400
31-01-2023,17662.15039,17735.69922,17537.55078,17731.44922,398300
01-02-2023,17616.30078,17972.19922,17353.40039,17811.59961,512900
02-02-2023,17610.40039,17653.90039,17445.94922,17517.09961,490100
03-02-2023,17854.05078,17870.30078,17584.19922,17721.75,424100
06-02-2023,17764.59961,17823.69922,17698.34961,17818.55078,282500
07-02-2023,17721.5,17811.15039,17652.55078,17790.09961,354400
08-02-2023,17871.69922,17898.69922,17744.15039,17750.30078,291000
09-02-2023,17893.44922,17916.90039,17779.80078,17885.5,260900
10-02-2023,17856.5,17876.94922,17801,17847.55078,232000
13-02-2023,17770.90039,17880.69922,17719.75,17859.09961,231300
14-02-2023,17929.84961,17954.55078,17800.05078,17840.34961,244500
15-02-2023,18015.84961,18034.09961,17853.80078,17896.59961,229300
16-02-2023,18035.84961,18134.75,18000.65039,18094.75,230200
17-02-2023,17944.19922,18034.25,17884.59961,17974.84961,208100
20-02-2023,17844.59961,18004.34961,17818.40039,17965.55078,174600
21-02-2023,17826.69922,17924.90039,17800.30078,17905.80078,198200
22-02-2023,17554.30078,17772.5,17529.44922,17755.34961,204000
23-02-2023,17511.25,17620.05078,17455.40039,17574.65039,240800
24-02-2023,17465.80078,17599.75,17421.80078,17591.34961,209400
27-02-2023,17392.69922,17451.59961,17299,17428.59961,246400
28-02-2023,17303.94922,17440.44922,17255.19922,17383.25,420900
01-03-2023,17450.90039,17467.75,17345.25,17360.09961,272900
02-03-2023,17321.90039,17445.80078,17306,17421.5,310700
03-03-2023,17594.34961,17644.75,17427.69922,17451.25,356200
06-03-2023,17711.44922,17799.94922,17671.94922,17680.34961,362800
08-03-2023,17754.40039,17766.5,17602.25,17665.75,267000
09-03-2023,17589.59961,17772.34961,17573.59961,17772.05078,262400
10-03-2023,17412.90039,17451.5,17324.34961,17443.80078,235900
13-03-2023,17154.30078,17529.90039,17113.44922,17421.90039,254900
14-03-2023,17043.30078,17224.65039,16987.09961,17160.55078,290600
15-03-2023,16972.15039,17211.34961,16938.90039,17166.44922,248200
16-03-2023,16985.59961,17062.44922,16850.15039,16994.65039,349800
17-03-2023,17100.05078,17145.80078,16958.15039,17111.80078,408100
20-03-2023,16988.40039,17066.59961,16828.34961,17066.59961,241800
21-03-2023,17107.5,17127.69922,17016,17060.40039,246700
22-03-2023,17151.90039,17207.25,17107.84961,17177.44922,0
23-03-2023,17076.90039,17205.40039,17045.30078,17097.40039,219200
24-03-2023,16945.05078,17109.44922,16917.34961,17076.19922,228000
27-03-2023,16985.69922,17091,16918.55078,16984.30078,218400
28-03-2023,16951.69922,17061.75,16913.75,17031.75,238800
29-03-2023,17080.69922,17126.15039,16940.59961,16977.30078,345900
31-03-2023,17359.75,17381.59961,17204.65039,17210.34961,263900
03-04-2023,17398.05078,17428.05078,17312.75,17427.94922,230200
05-04-2023,17557.05078,17570.55078,17402.69922,17422.30078,248300
06-04-2023,17599.15039,17638.69922,17502.84961,17533.84961,242700
10-04-2023,17624.05078,17694.09961,17597.94922,17634.90039,254800
11-04-2023,17722.30078,17748.75,17655.15039,17704.80078,304300
12-04-2023,17812.40039,17825.75,17717.25,17759.55078,232800
13-04-2023,17828,17842.15039,17729.65039,17807.30078,285800
17-04-2023,17706.84961,17863,17574.05078,17863,357400
18-04-2023,17660.15039,17766.59961,17610.19922,17766.59961,258900
19-04-2023,17618.75,17666.15039,17579.84961,17653.34961,281500
20-04-2023,17624.44922,17684.44922,17584.34961,17638.59961,215100
21-04-2023,17624.05078,17663.19922,17553.94922,17639.75,230200
24-04-2023,17743.40039,17754.5,17612.5,17707.55078,255700
25-04-2023,17769.25,17807.44922,17716.84961,17761.55078,297400
26-04-2023,17813.59961,17827.75,17711.19922,17767.30078,233000
27-04-2023,17915.05078,17931.59961,17797.90039,17813.09961,241400
28-04-2023,18065,18089.15039,17885.30078,17950.40039,290300
02-05-2023,18147.65039,18180.25,18101.75,18124.80078,265200
03-05-2023,18089.84961,18116.34961,18042.40039,18113.80078,226200
04-05-2023,18255.80078,18267.44922,18066.69922,18081,226600
05-05-2023,18069,18216.94922,18055.44922,18117.30078,239700
08-05-2023,18264.40039,18286.94922,18100.30078,18120.59961,228400
09-05-2023,18265.94922,18344.19922,18229.65039,18303.40039,245400
10-05-2023,18315.09961,18326.75,18211.94922,18313.59961,220500
11-05-2023,18297,18389.69922,18270.40039,18357.80078,248900
12-05-2023,18314.80078,18342.75,18194.55078,18273.75,241700
15-05-2023,18398.84961,18458.90039,18287.90039,18339.30078,216100
16-05-2023,18286.5,18432.34961,18264.34961,18432.34961,219500
17-05-2023,18181.75,18309,18115.34961,18300.44922,229900
18-05-2023,18129.94922,18297.19922,18104.84961,18287.5,272100
19-05-2023,18203.40039,18218.09961,18060.40039,18186.15039,260900
22-05-2023,18314.40039,18335.25,18178.84961,18201.09961,262600
23-05-2023,18348,18419.75,18324.19922,18362.90039,270400
24-05-2023,18285.40039,18392.59961,18262.94922,18294.80078,232600
25-05-2023,18321.15039,18338.09961,18202.40039,18268.90039,235900
26-05-2023,18499.34961,18508.55078,18333.15039,18368.34961,198700
29-05-2023,18598.65039,18641.19922,18581.25,18619.15039,265300
30-05-2023,18633.84961,18662.44922,18575.5,18606.65039,234400
31-05-2023,18534.40039,18603.90039,18483.84961,18594.19922,696500
01-06-2023,18487.75,18580.30078,18464.55078,18579.40039,265600
02-06-2023,18534.09961,18573.69922,18478.40039,18550.84961,270900
05-06-2023,18593.84961,18640.15039,18582.80078,18612,256100
06-06-2023,18599,18622.75,18531.59961,18600.80078,220800
07-06-2023,18726.40039,18738.94922,18636,18665.59961,260100
08-06-2023,18634.55078,18777.90039,18615.59961,18725.34961,286500
09-06-2023,18563.40039,18676.65039,18555.40039,18655.90039,221800
12-06-2023,18601.5,18633.59961,18559.75,18595.05078,179500
13-06-2023,18716.15039,18728.90039,18631.80078,18631.80078,233200
14-06-2023,18755.90039,18769.69922,18690,18744.59961,261400
15-06-2023,18688.09961,18794.09961,18669.05078,18774.44922,263000
16-06-2023,18826,18864.69922,18710.5,18723.30078,272800
19-06-2023,18755.44922,18881.44922,18719.15039,18873.30078,219800
20-06-2023,18816.69922,18839.69922,18660.65039,18752.34961,211600
21-06-2023,18856.84961,18875.90039,18794.84961,18849.40039,217500
22-06-2023,18771.25,18886.59961,18759.5,18853.59961,252700
23-06-2023,18665.5,18756.40039,18647.09961,18741.84961,210600
26-06-2023,18691.19922,18722.05078,18646.69922,18682.34961,171300
27-06-2023,18817.40039,18829.25,18714.25,18748.55078,222500
28-06-2023,18972.09961,19011.25,18861.34961,18908.15039,398800
30-06-2023,19189.05078,19201.69922,19024.59961,19076.84961,247900
03-07-2023,19322.55078,19345.09961,19234.40039,19246.5,226100
04-07-2023,19389,19434.15039,19300,19406.59961,226900
05-07-2023,19398.5,19421.59961,19339.59961,19405.94922,224400
06-07-2023,19497.30078,19512.19922,19373,19385.69922,268300
07-07-2023,19331.80078,19523.59961,19303.59961,19422.80078,237100
10-07-2023,19355.90039,19435.84961,19327.09961,19400.34961,268200
11-07-2023,19439.40039,19515.09961,19406.44922,19427.09961,251300
12-07-2023,19384.30078,19507.69922,19361.75,19497.44922,327900
13-07-2023,19413.75,19567,19385.80078,19495.19922,310400
14-07-2023,19564.5,19595.34961,19433.5,19493.44922,291200
17-07-2023,19711.44922,19731.84961,19562.94922,19612.15039,268700
18-07-2023,19749.25,19819.44922,19690.19922,19787.5,286400
19-07-2023,19833.15039,19851.69922,19727.44922,19802.94922,259700
20-07-2023,19979.15039,19991.84961,19758.40039,19831.69922,274700
21-07-2023,19745,19887.40039,19700,19800.44922,312500
24-07-2023,19672.34961,19782.75,19658.30078,19748.44922,265600
25-07-2023,19680.59961,19729.34961,19615.94922,19729.34961,369700
26-07-2023,19778.30078,19825.59961,19716.69922,19733.34961,244700
27-07-2023,19659.90039,19867.55078,19603.55078,19850.90039,334900
28-07-2023,19646.05078,19695.90039,19563.09961,19659.75,258700
31-07-2023,19753.80078,19772.75,19597.59961,19666.34961,295100
01-08-2023,19733.55078,19795.59961,19704.59961,19784,298000
02-08-2023,19526.55078,19678.25,19423.55078,19655.40039,290700
03-08-2023,19381.65039,19537.65039,19296.44922,19463.75,315700
04-08-2023,19517,19538.84961,19436.44922,19462.80078,280800
07-08-2023,19597.30078,19620.44922,19524.80078,19576.84961,216600
08-08-2023,19570.84961,19634.40039,19533.09961,19627.19922,260300
09-08-2023,19632.55078,19645.5,19467.5,19578.80078,266500
10-08-2023,19543.09961,19623.59961,19495.40039,19605.55078,312200
11-08-2023,19428.30078,19557.75,19412.75,19554.25,235500
14-08-2023,19434.55078,19465.84961,19257.90039,19383.94922,243900
16-08-2023,19465,19482.75,19317.19922,19369,0
17-08-2023,19365.25,19461.55078,19326.25,19450.55078,268700
18-08-2023,19310.15039,19373.80078,19253.59961,19301.75,256100
21-08-2023,19393.59961,19425.94922,19296.30078,19320.65039,262600
22-08-2023,19396.44922,19443.5,19381.30078,19417.09961,208700
23-08-2023,19444,19472.05078,19366.59961,19439.19922,225200
24-08-2023,19386.69922,19584.44922,19369,19535.15039,268300
25-08-2023,19265.80078,19339.55078,19229.69922,19297.40039,466500
28-08-2023,19306.05078,19366.84961,19249.69922,19298.34961,248200
29-08-2023,19342.65039,19377.90039,19309.09961,19374.84961,307400
30-08-2023,19347.44922,19452.80078,19334.75,19433.44922,233000
31-08-2023,19253.80078,19388.19922,19223.65039,19375.55078,562600
01-09-2023,19435.30078,19458.55078,19255.69922,19258.15039,333000
04-09-2023,19528.80078,19545.15039,19432.84961,19525.05078,296800
05-09-2023,19574.90039,19587.05078,19525.75,19564.65039,256800
06-09-2023,19611.05078,19636.44922,19491.5,19581.19922,287600
07-09-2023,19727.05078,19737,19550.05078,19598.65039,304900
08-09-2023,19819.94922,19867.15039,19727.05078,19774.80078,288100
11-09-2023,19996.34961,20008.15039,19865.34961,19890,248800
12-09-2023,19993.19922,20110.34961,19914.65039,20110.15039,328100
13-09-2023,20070,20096.90039,19944.09961,19989.5,251400
14-09-2023,20103.09961,20167.65039,20043.44922,20127.94922,275100
15-09-2023,20192.34961,20222.44922,20129.69922,20156.44922,438200
18-09-2023,20133.30078,20195.34961,20115.69922,20155.94922,264900
20-09-2023,19901.40039,20050.65039,19878.84961,19980.75,378100
21-09-2023,19742.34961,19848.75,19709.94922,19840.55078,275100
22-09-2023,19674.25,19798.65039,19657.5,19744.84961,246400
25-09-2023,19674.55078,19734.15039,19601.55078,19678.19922,188400
26-09-2023,19664.69922,19699.34961,19637.44922,19682.80078,204900
27-09-2023,19716.44922,19730.69922,19554,19637.05078,203600
28-09-2023,19523.55078,19766.65039,19492.09961,19761.80078,352800
29-09-2023,19638.30078,19726.25,19551.05078,19581.19922,243500
03-10-2023,19528.75,19623.19922,19479.65039,19622.40039,221700
04-10-2023,19436.09961,19457.80078,19333.59961,19446.30078,277100
05-10-2023,19545.75,19576.94922,19487.30078,19521.84961,234900
06-10-2023,19653.5,19675.75,19589.40039,19621.19922,159100
09-10-2023,19512.34961,19588.94922,19480.5,19539.44922,165100
10-10-2023,19689.84961,19717.80078,19565.44922,19565.59961,216600
11-10-2023,19811.34961,19839.19922,19756.94922,19767,213700
12-10-2023,19794,19843.30078,19772.65039,19822.69922,217900
13-10-2023,19751.05078,19805.40039,19635.30078,19654.55078,255000
16-10-2023,19731.75,19781.30078,19691.84961,19737.25,181000
17-10-2023,19811.5,19849.75,19775.65039,19843.19922,185800
18-10-2023,19671.09961,19840.94922,19659.94922,19820.44922,198900
19-10-2023,19624.69922,19681.80078,19512.34961,19545.19922,230300
20-10-2023,19542.65039,19593.80078,19518.69922,19542.15039,198300
23-10-2023,19281.75,19556.84961,19257.84961,19521.59961,176000
25-10-2023,19122.15039,19347.30078,19074.15039,19286.44922,225300
26-10-2023,18857.25,19041.69922,18837.84961,19027.25,300400
27-10-2023,19047.25,19076.15039,18926.65039,18928.75,205200
30-10-2023,19140.90039,19158.5,18940,19053.40039,180100
31-10-2023,19079.59961,19233.69922,19056.44922,19232.94922,206000
01-11-2023,18989.15039,19096.05078,18973.69922,19064.05078,194100
02-11-2023,19133.25,19175.25,19064.15039,19120,245600
03-11-2023,19230.59961,19276.25,19210.90039,19241,189500
06-11-2023,19411.75,19423,19309.69922,19345.84961,180700
07-11-2023,19406.69922,19423.5,19329.09961,19404.05078,198700
08-11-2023,19443.5,19464.40039,19401.5,19449.59961,195000
09-11-2023,19395.30078,19463.90039,19378.34961,19457.40039,208400
10-11-2023,19425.34961,19451.30078,19329.44922,19351.84961,152200
13-11-2023,19443.55078,19494.40039,19414.75,19486.75,189300
15-11-2023,19675.44922,19693.19922,19579.65039,19651.40039,291500
16-11-2023,19765.19922,19875.25,19627,19674.69922,282700
17-11-2023,19731.80078,19806,19667.44922,19674.75,236800
20-11-2023,19694,19756.44922,19670.5,19731.15039,173800
21-11-2023,19783.40039,19829.09961,19754.05078,19770.90039,195000
22-11-2023,19811.84961,19825.55078,19703.84961,19784,184500
23-11-2023,19802,19875.15039,19786.75,19828.44922,170000
24-11-2023,19794.69922,19832.84961,19768.84961,19809.59961,145900
28-11-2023,19889.69922,19916.84961,19800,19844.65039,229600
29-11-2023,20096.59961,20104.65039,19956.30078,19976.55078,236200
30-11-2023,20133.15039,20158.69922,20015.84961,20108.5,486600
01-12-2023,20267.90039,20291.55078,20183.69922,20194.09961,265800
04-12-2023,20686.80078,20702.65039,20507.75,20601.94922,381100
05-12-2023,20855.09961,20864.05078,20711.15039,20808.90039,421000
06-12-2023,20937.69922,20961.94922,20852.15039,20950.75,359200
07-12-2023,20901.15039,20941.25,20850.80078,20932.40039,275000
08-12-2023,20969.40039,21006.09961,20862.69922,20934.09961,292400
11-12-2023,20997.09961,21026.09961,20923.69922,20965.30078,212900
12-12-2023,20906.40039,21037.90039,20867.15039,21018.55078,244900
13-12-2023,20926.34961,20950,20769.5,20929.75,260300
14-12-2023,21182.69922,21210.90039,21074.44922,21110.40039,334400
15-12-2023,21456.65039,21492.30078,21235.30078,21287.44922,508800
18-12-2023,21418.65039,21482.80078,21365.34961,21434.80078,249700
19-12-2023,21453.09961,21505.05078,21337.75,21477.65039,249800
20-12-2023,21150.15039,21593,21087.34961,21543.5,363900
21-12-2023,21255.05078,21288.34961,20976.80078,21033.94922,277500
22-12-2023,21349.40039,21390.5,21232.44922,21295.84961,284700
26-12-2023,21441.34961,21477.15039,21329.44922,21365.19922,219500
27-12-2023,21654.75,21675.75,21495.80078,21497.65039,256500
28-12-2023,21778.69922,21801.44922,21678,21715,393100
29-12-2023,21731.40039,21770.30078,21676.90039,21737.65039,270900
01-01-2024,21741.90039,21834.34961,21680.84961,21727.75,154000
02-01-2024,21665.80078,21755.59961,21555.65039,21751.34961,263700
03-01-2024,21517.34961,21677,21500.34961,21661.09961,311900
04-01-2024,21658.59961,21685.65039,21564.55078,21605.80078,339200
05-01-2024,21710.80078,21749.59961,21629.19922,21705.75,309300
08-01-2024,21513,21763.94922,21492.90039,21747.59961,231500
09-01-2024,21544.84961,21724.44922,21517.84961,21653.59961,228600
10-01-2024,21618.69922,21641.84961,21448.65039,21529.30078,217000
11-01-2024,21647.19922,21726.5,21593.75,21688,212500
12-01-2024,21894.55078,21928.25,21715.15039,21773.55078,294700
15-01-2024,22097.44922,22115.55078,21963.55078,22053.15039,345500
16-01-2024,22032.30078,22124.15039,21969.80078,22080.5,292400
17-01-2024,21571.94922,21851.5,21550.44922,21647.25,456000
18-01-2024,21462.25,21539.40039,21285.55078,21414.19922,387300
19-01-2024,21622.40039,21670.59961,21575,21615.19922,343100
23-01-2024,21238.80078,21750.25,21192.59961,21716.69922,449700
24-01-2024,21453.94922,21482.34961,21137.19922,21185.25,407500
25-01-2024,21352.59961,21459,21247.05078,21454.59961,418100
29-01-2024,21737.59961,21763.25,21429.59961,21433.09961,376700
30-01-2024,21522.09961,21813.05078,21501.80078,21775.75,375100
31-01-2024,21725.69922,21741.34961,21448.84961,21487.25,410600
01-02-2024,21697.44922,21832.94922,21658.75,21780.65039,332500
02-02-2024,21853.80078,22126.80078,21805.55078,21812.75,442800
05-02-2024,21771.69922,21964.30078,21726.94922,21921.05078,440800
06-02-2024,21929.40039,21951.40039,21737.55078,21825.19922,371000
07-02-2024,21930.5,22053.30078,21860.15039,22045.05078,346300
08-02-2024,21717.94922,22011.05078,21665.30078,22009.65039,491100
09-02-2024,21782.5,21804.44922,21629.90039,21727,349200
12-02-2024,21616.05078,21831.69922,21574.75,21800.80078,287400
13-02-2024,21743.25,21766.80078,21543.34961,21664.30078,365800
14-02-2024,21840.05078,21870.84961,21530.19922,21578.15039,359100
15-02-2024,21910.75,21953.84961,21794.80078,21906.55078,345400
16-02-2024,22040.69922,22068.65039,21968.94922,22020.30078,343900
19-02-2024,22122.25,22186.65039,22021.05078,22103.44922,0
20-02-2024,22196.94922,22215.59961,22045.84961,22099.19922,295700
21-02-2024,22055.05078,22249.40039,21997.94922,22248.84961,364500
22-02-2024,22217.44922,22252.5,21875.25,22081.55078,343500
23-02-2024,22212.69922,22297.5,22186.09961,22290,226000
26-02-2024,22122.05078,22202.15039,22075.15039,22169.19922,207800
27-02-2024,22198.34961,22218.25,22085.65039,22090.19922,252200
28-02-2024,21951.15039,22229.15039,21915.84961,22214.09961,203000
29-02-2024,21982.80078,22060.55078,21860.65039,21935.19922,360200
01-03-2024,22338.75,22353.30078,22047.75,22048.30078,351500
04-03-2024,22405.59961,22440.90039,22358.30078,22403.5,298800
05-03-2024,22356.30078,22416.90039,22269.15039,22371.25,296200
06-03-2024,22474.05078,22497.19922,22224.34961,22327.5,312300
07-03-2024,22493.55078,22525.65039,22430,22505.30078,379900
11-03-2024,22332.65039,22526.59961,22307.25,22517.5,277900
12-03-2024,22335.69922,22452.55078,22256,22334.44922,299200
13-03-2024,21997.69922,22446.75,21905.65039,22432.19922,493300
14-03-2024,22146.65039,22204.59961,21917.5,21982.55078,426700
15-03-2024,22023.34961,22120.90039,21931.69922,22064.84961,661500
18-03-2024,22055.69922,22123.69922,21916.55078,21990.09961,356300
19-03-2024,21817.44922,21978.30078,21793.09961,21946.44922,344200
20-03-2024,21839.09961,21930.90039,21710.19922,21843.90039,312400
21-03-2024,22011.94922,22080.94922,21941.30078,21989.90039,353200
22-03-2024,22096.75,22180.69922,21883.30078,21932.19922,388700
26-03-2024,22004.69922,22073.19922,21947.55078,21947.90039,328400
27-03-2024,22123.65039,22193.59961,22052.84961,22053.94922,409100
28-03-2024,22326.90039,22516,22163.59961,22163.59961,410500
01-04-2024,22462,22529.94922,22427.75,22455,0
02-04-2024,22453.30078,22497.59961,22388.15039,22458.80078,289500
03-04-2024,22434.65039,22521.09961,22346.5,22385.69922,309600
04-04-2024,22514.65039,22619,22303.80078,22592.09961,401000
05-04-2024,22513.69922,22537.59961,22427.59961,22486.40039,242200
08-04-2024,22666.30078,22697.30078,22550.34961,22578.34961,227600
09-04-2024,22642.75,22768.40039,22612.25,22765.09961,232400
10-04-2024,22753.80078,22775.69922,22673.69922,22720.25,276800
12-04-2024,22519.40039,22726.44922,22503.75,22677.40039,357200
15-04-2024,22272.5,22427.44922,22259.55078,22339.05078,355500
16-04-2024,22147.90039,22213.75,22079.44922,22125.30078,317300
18-04-2024,21995.84961,22326.5,21961.69922,22212.34961,456900
19-04-2024,22147,22179.55078,21777.65039,21861.5,362500
22-04-2024,22336.40039,22375.65039,22198.15039,22336.90039,279300
23-04-2024,22368,22447.55078,22349.44922,22447.05078,231500
24-04-2024,22402.40039,22476.44922,22384,22421.55078,235900
25-04-2024,22570.34961,22625.94922,22305.25,22316.90039,475000
26-04-2024,22419.94922,22620.40039,22385.55078,22620.40039,329900
29-04-2024,22643.40039,22655.80078,22441.90039,22475.55078,292000
30-04-2024,22604.84961,22783.34961,22568.40039,22679.65039,361900
02-05-2024,22648.19922,22710.5,22567.84961,22567.84961,445900
03-05-2024,22475.84961,22794.69922,22348.05078,22766.34961,438100
06-05-2024,22442.69922,22588.80078,22409.44922,22561.59961,320300
07-05-2024,22302.5,22499.05078,22232.05078,22489.75,297800
08-05-2024,22302.5,22368.65039,22185.19922,22231.19922,277400
09-05-2024,21957.5,22307.75,21932.40039,22224.80078,331300
10-05-2024,22055.19922,22131.30078,21950.30078,21990.94922,265800
13-05-2024,22104.05078,22131.65039,21821.05078,22027.94922,278200
14-05-2024,22217.84961,22270.05078,22081.25,22112.90039,230200
15-05-2024,22200.55078,22297.55078,22151.75,22255.59961,231900
16-05-2024,22403.84961,22432.25,22054.55078,22319.19922,368900
17-05-2024,22466.09961,22502.15039,22345.65039,22415.25,242700
21-05-2024,22529.05078,22591.09961,22404.55078,22404.55078,347600
22-05-2024,22597.80078,22629.5,22483.15039,22576.59961,290300
23-05-2024,22967.65039,22993.59961,22577.44922,22614.09961,369800
24-05-2024,22957.09961,23026.40039,22908,22930.75,261900
27-05-2024,22932.44922,23110.80078,22871.19922,23038.94922,260000
28-05-2024,22888.15039,22998.55078,22858.5,22977.15039,217900
29-05-2024,22704.69922,22825.5,22685.44922,22762.75,269900
30-05-2024,22488.65039,22705.75,22417,22617.44922,373400
31-05-2024,22530.69922,22653.75,22465.09961,22568.09961,572100
03-06-2024,23263.90039,23338.69922,23062.30078,23337.90039,569400
04-06-2024,21884.5,23179.5,21281.44922,23179.5,1006100
05-06-2024,22620.34961,22670.40039,21791.94922,22128.34961,638500
06-06-2024,22821.40039,22910.15039,22642.59961,22798.59961,480400
07-06-2024,23290.15039,23320.19922,22789.05078,22821.84961,473600
10-06-2024,23259.19922,23411.90039,23227.15039,23319.15039,304400
11-06-2024,23264.84961,23389.44922,23206.65039,23283.75,305200
12-06-2024,23322.94922,23441.94922,23295.94922,23344.44922,295600
13-06-2024,23398.90039,23481.05078,23353.90039,23480.94922,268300
14-06-2024,23465.59961,23490.40039,23334.25,23464.94922,223100
18-06-2024,23557.90039,23579.05078,23499.69922,23570.80078,272200
19-06-2024,23516,23664,23412.90039,23629.84961,328800
20-06-2024,23567,23624,23442.59961,23586.15039,280300
21-06-2024,23501.09961,23667.09961,23398.19922,23661.15039,609900
24-06-2024,23537.84961,23558.09961,23350,23382.30078,239400
25-06-2024,23721.30078,23754.15039,23562.05078,23577.09961,298100
26-06-2024,23868.80078,23889.90039,23670.44922,23723.09961,287800
27-06-2024,24044.5,24087.44922,23805.40039,23881.55078,515200
28-06-2024,24010.59961,24174,23985.80078,24085.90039,354800
01-07-2024,24141.94922,24164,23992.69922,23992.94922,0
02-07-2024,24123.84961,24236.34961,24056.40039,24228.75,0
03-07-2024,24286.5,24309.15039,24207.09961,24291.75,0
04-07-2024,24302.15039,24401,24281,24369.94922,251200
05-07-2024,24323.84961,24363,24168.84961,24213.34961,298400
08-07-2024,24320.55078,24344.59961,24240.55078,24329.44922,266300
09-07-2024,24433.19922,24443.59961,24331.90039,24351,250500
10-07-2024,24324.44922,24461.05078,24141.80078,24459.84961,292300
11-07-2024,24315.94922,24402.65039,24193.75,24396.55078,306400
12-07-2024,24502.15039,24592.19922,24331.15039,24387.94922,325800
15-07-2024,24586.69922,24635.05078,24522.75,24587.59961,305400
16-07-2024,24613,24661.25,24587.65039,24615.90039,283200
18-07-2024,24800.84961,24837.75,24504.44922,24543.80078,350900
19-07-2024,24530.90039,24854.80078,24508.15039,24853.80078,343800
22-07-2024,24509.25,24595.19922,24362.30078,24445.75,324200
23-07-2024,24479.05078,24582.55078,24074.19922,24568.90039,436400
24-07-2024,24413.5,24504.25,24307.25,24444.94922,366600
25-07-2024,24406.09961,24426.15039,24210.80078,24230.94922,391800
26-07-2024,24834.84961,24861.15039,24410.90039,24423.34961,383800
29-07-2024,24836.09961,24999.75,24774.59961,24943.30078,355000
30-07-2024,24857.30078,24971.75,24798.65039,24839.40039,385000
31-07-2024,24951.15039,24984.59961,24856.5,24886.69922,333600
01-08-2024,25010.90039,25078.30078,24956.40039,25030.94922,431300
02-08-2024,24717.69922,24851.90039,24686.84961,24789,345000
05-08-2024,24055.59961,24350.05078,23893.69922,24302.84961,487000
06-08-2024,23992.55078,24382.59961,23960.40039,24189.84961,312300
07-08-2024,24297.5,24337.69922,24184.90039,24289.40039,317600
08-08-2024,24117,24340.5,24079.69922,24248.55078,311900
09-08-2024,24367.5,24419.75,24311.19922,24386.84961,215100
12-08-2024,24347,24472.80078,24212.09961,24320.05078,279900
13-08-2024,24139,24359.94922,24116.5,24342.34961,239700
14-08-2024,24143.75,24196.5,24099.69922,24184.40039,303300
16-08-2024,24541.15039,24563.90039,24204.5,24334.84961,271600
19-08-2024,24572.65039,24638.80078,24522.94922,24636.34961,243600
20-08-2024,24698.84961,24734.30078,24607.19922,24648.90039,238300
21-08-2024,24770.19922,24787.94922,24654.5,24680.55078,257100
22-08-2024,24811.5,24867.34961,24784.44922,24863.40039,220300
23-08-2024,24823.15039,24858.40039,24771.65039,24845.40039,206800
26-08-2024,25010.59961,25043.80078,24874.69922,24906.09961,210300
27-08-2024,25017.75,25073.09961,24973.65039,25024.80078,223300
28-08-2024,25052.34961,25129.59961,24964.65039,25030.80078,220400
29-08-2024,25151.94922,25192.90039,24998.5,25035.30078,354000
30-08-2024,25235.90039,25268.34961,25199.40039,25249.69922,638200
02-09-2024,25278.69922,25333.65039,25235.5,25333.59961,222800
03-09-2024,25279.84961,25321.69922,25235.80078,25313.40039,212100
04-09-2024,25198.69922,25216,25083.80078,25089.94922,253800
05-09-2024,25145.09961,25275.44922,25127.75,25250.5,222200
06-09-2024,24852.15039,25168.75,24801.30078,25093.69922,311700
09-09-2024,24936.40039,24957.5,24753.15039,24823.40039,254400
10-09-2024,25041.09961,25130.5,24896.80078,24999.40039,251300
11-09-2024,24918.44922,25113.69922,24885.15039,25034,279200
12-09-2024,25388.90039,25433.34961,24941.44922,25059.65039,380100
13-09-2024,25356.5,25430.5,25292.44922,25430.44922,250800
16-09-2024,25383.75,25445.69922,25336.19922,25406.65039,168700
17-09-2024,25418.55078,25441.65039,25352.25,25416.90039,216000
18-09-2024,25377.55078,25482.19922,25285.55078,25402.40039,215700
19-09-2024,25415.80078,25611.94922,25376.05078,25487.05078,314500
20-09-2024,25790.94922,25849.25,25426.59961,25525.94922,533100
23-09-2024,25939.05078,25956,25847.34961,25872.55078,209200
24-09-2024,25940.40039,26011.55078,25886.84961,25921.44922,384100
25-09-2024,26004.15039,26032.80078,25871.34961,25899.44922,278500
26-09-2024,26216.05078,26250.90039,25998.40039,26005.40039,370900
27-09-2024,26178.94922,26277.34961,26151.40039,26248.25,490300
30-09-2024,25810.84961,26134.69922,25794.09961,26061.30078,343100
01-10-2024,25796.90039,25907.59961,25739.19922,25788.44922,247400
03-10-2024,25250.09961,25639.44922,25230.30078,25452.84961,423400
04-10-2024,25014.59961,25485.05078,24966.80078,25181.90039,374900
07-10-2024,24795.75,25143,24694.34961,25084.09961,374300
08-10-2024,25013.15039,25044,24756.80078,24832.19922,333200
09-10-2024,24981.94922,25234.05078,24947.69922,25065.80078,290600
10-10-2024,24998.44922,25134.05078,24979.40039,25067.05078,261400
11-10-2024,24964.25,25028.65039,24920.05078,24985.30078,210500
14-10-2024,25127.94922,25159.75,25017.5,25023.44922,206400
15-10-2024,25057.34961,25212.05078,25008.15039,25186.30078,257200
16-10-2024,24971.30078,25093.40039,24908.44922,25008.55078,226800
17-10-2024,24749.84961,25029.5,24728.90039,25027.40039,252800
18-10-2024,24854.05078,24886.19922,24567.65039,24664.94922,290900
21-10-2024,24781.09961,24978.30078,24679.59961,24956.15039,242000
22-10-2024,24472.09961,24882,24445.80078,24798.65039,279500
23-10-2024,24435.5,24604.25,24378.09961,24378.15039,284600
24-10-2024,24399.40039,24480.65039,24341.19922,24412.69922,216700
25-10-2024,24180.80078,24440.25,24073.90039,24418.05078,372600
28-10-2024,24339.15039,24492.59961,24134.90039,24251.09961,278600
29-10-2024,24466.84961,24484.5,24140.84961,24328.84961,332000
30-10-2024,24340.84961,24498.19922,24307.30078,24371.44922,285200
31-10-2024,24205.34961,24372.44922,24172.59961,24349.84961,287000
01-11-2024,24304.34961,24368.25,24280.19922,24302.75,38800
04-11-2024,23995.34961,24316.75,23816.15039,24315.75,285500
05-11-2024,24213.30078,24229.05078,23842.75,23916.5,289500
06-11-2024,24484.05078,24537.59961,24204.05078,24308.75,351100
07-11-2024,24199.34961,24503.34961,24179.05078,24489.59961,322200
08-11-2024,24148.19922,24276.15039,24066.65039,24207.69922,298700
11-11-2024,24141.30078,24336.80078,24004.59961,24087.25,273400
12-11-2024,23883.44922,24242,23839.15039,24225.80078,255800
13-11-2024,23559.05078,23873.59961,23509.59961,23822.44922,304600
14-11-2024,23532.69922,23675.90039,23484.15039,23542.15039,257700
18-11-2024,23453.80078,23606.80078,23350.40039,23605.30078,263300
19-11-2024,23518.5,23780.65039,23464.80078,23529.55078,297500
21-11-2024,23349.90039,23507.30078,23263.15039,23488.44922,420300
22-11-2024,23907.25,23956.09961,23359,23411.80078,367600
25-11-2024,24221.90039,24351.55078,24135.44922,24253.55078,687200
26-11-2024,24194.5,24343.30078,24125.40039,24343.30078,230700
27-11-2024,24274.90039,24354.55078,24145.65039,24204.80078,295000
28-11-2024,23914.15039,24345.75,23873.34961,24274.15039,366700
29-11-2024,24131.09961,24188.44922,23927.15039,23927.15039,282100
02-12-2024,24276.05078,24301.69922,24008.65039,24140.84961,220400
03-12-2024,24457.15039,24481.34961,24280,24367.5,339500
04-12-2024,24467.44922,24573.19922,24366.30078,24488.75,348000
05-12-2024,24708.40039,24857.75,24295.55078,24539.15039,361500
06-12-2024,24677.80078,24751.05078,24620.5,24729.44922,226700
09-12-2024,24619,24705,24580.05078,24633.90039,248100
10-12-2024,24610.05078,24677.80078,24510.65039,24652.65039,261000
11-12-2024,24641.80078,24691.75,24583.84961,24620.5,187300
12-12-2024,24548.69922,24675.25,24527.94922,24604.44922,266100
13-12-2024,24768.30078,24792.30078,24180.80078,24498.34961,310100
16-12-2024,24668.25,24781.25,24601.75,24753.40039,187600
17-12-2024,24336,24624.09961,24303.44922,24584.80078,264900
18-12-2024,24198.84961,24394.44922,24149.84961,24297.94922,235300
19-12-2024,23951.69922,24004.90039,23870.30078,23877.15039,271100
20-12-2024,23587.5,24065.80078,23537.34961,23960.69922,442700
23-12-2024,23753.44922,23869.55078,23647.19922,23738.19922,189800
24-12-2024,23727.65039,23867.65039,23685.15039,23769.09961,177700
26-12-2024,23750.19922,23854.5,23653.59961,23775.80078,177700
27-12-2024,23813.40039,23938.84961,23800.59961,23801.40039,176800
30-12-2024,23644.90039,23915.34961,23599.30078,23796.90039,364900
31-12-2024,23644.80078,23689.84961,23460.44922,23560.59961,193600
01-01-2025,23742.90039,23822.80078,23562.80078,23637.65039,154900
02-01-2025,24188.65039,24226.69922,23751.55078,23783,283200
03-01-2025,24004.75,24196.44922,23976,24196.40039,312300
06-01-2025,23616.05078,24089.94922,23551.90039,24045.80078,278100
07-01-2025,23707.90039,23795.19922,23637.80078,23679.90039,262300
08-01-2025,23688.94922,23751.84961,23496.15039,23746.65039,266400
09-01-2025,23526.5,23689.5,23503.05078,23674.75,269200
10-01-2025,23431.5,23596.59961,23344.34961,23551.90039,261000
13-01-2025,23085.94922,23340.94922,23047.25,23195.40039,316500
14-01-2025,23176.05078,23264.94922,23134.15039,23165.90039,311200
15-01-2025,23213.19922,23293.65039,23146.44922,23250.44922,228000
16-01-2025,23311.80078,23391.65039,23272.05078,23377.25,299400
17-01-2025,23203.19922,23292.09961,23100.34961,23277.09961,272900
20-01-2025,23344.75,23391.09961,23170.65039,23290.40039,301500
21-01-2025,23024.65039,23426.30078,22976.84961,23421.65039,312900
22-01-2025,23155.34961,23169.55078,22981.30078,23099.15039,276000
23-01-2025,23205.34961,23270.80078,23090.65039,23128.30078,275600
24-01-2025,23092.19922,23347.30078,23050,23183.90039,264300
27-01-2025,22829.15039,23007.44922,22786.90039,22940.15039,257400
28-01-2025,22957.25,23137.94922,22857.65039,22960.44922,361900
29-01-2025,23163.09961,23183.34961,22976.5,23026.75,226300
30-01-2025,23249.5,23322.05078,23139.19922,23169.5,361900
31-01-2025,23508.40039,23546.80078,23277.40039,23296.75,304900
01-02-2025,23482.15039,23632.44922,23318.30078,23528.59961,281000
03-02-2025,23361.05078,23381.59961,23222,23319.34961,329700
04-02-2025,23739.25,23762.75,23423.15039,23509.90039,376700
05-02-2025,23696.30078,23807.30078,23680.44922,23801.75,267000
06-02-2025,23603.34961,23773.55078,23556.25,23761.94922,307000
07-02-2025,23559.94922,23694.5,23443.19922,23649.5,368100
10-02-2025,23381.59961,23568.59961,23316.30078,23543.80078,234200
11-02-2025,23071.80078,23390.05078,22986.65039,23383.55078,268000
12-02-2025,23045.25,23144.69922,22798.34961,23050.80078,279700
13-02-2025,23031.40039,23235.5,22992.19922,23055.75,265700
14-02-2025,22929.25,23133.69922,22774.84961,23096.44922,254500
17-02-2025,22959.5,22974.19922,22725.44922,22809.90039,207400
18-02-2025,22945.30078,22992.5,22801.5,22963.65039,210600
19-02-2025,22932.90039,23049.94922,22814.84961,22847.25,207000
20-02-2025,22913.15039,22923.84961,22812.75,22821.09961,240800
21-02-2025,22795.90039,22921,22720.30078,22857.19922,242800
24-02-2025,22553.34961,22668.05078,22518.80078,22609.34961,214300
25-02-2025,22547.55078,22625.30078,22513.90039,22516.44922,250300
27-02-2025,22545.05078,22613.30078,22508.40039,22568.94922,289200
28-02-2025,22124.69922,22450.34961,22104.84961,22433.40039,551300
03-03-2025,22119.30078,22261.55078,22004.69922,22194.55078,282400
04-03-2025,22082.65039,22105.05078,21964.59961,21974.44922,253300
05-03-2025,22337.30078,22394.90039,22067.80078,22073.05078,305900
06-03-2025,22544.69922,22556.44922,22245.84961,22476.34961,372100
07-03-2025,22552.5,22633.80078,22464.75,22508.65039,289800
10-03-2025,22460.30078,22676.75,22429.05078,22521.84961,293900
11-03-2025,22497.90039,22522.09961,22314.69922,22345.94922,347900
12-03-2025,22470.5,22577.40039,22329.55078,22536.34961,369700
13-03-2025,22397.19922,22558.05078,22377.34961,22541.5,287500
17-03-2025,22508.75,22577,22353.15039,22353.15039,251100
18-03-2025,22834.30078,22857.80078,22599.19922,22662.25,272600
19-03-2025,22907.59961,22940.69922,22807.94922,22874.94922,324000
20-03-2025,23190.65039,23216.69922,22973.94922,23036.59961,313700
21-03-2025,23350.40039,23402.69922,23132.80078,23168.25,541000
24-03-2025,23658.34961,23708.75,23433.5,23515.40039,311900
25-03-2025,23668.65039,23869.59961,23601.40039,23751.5,338200
26-03-2025,23486.84961,23736.5,23451.69922,23700.94922,278600
27-03-2025,23591.94922,23646.44922,23412.19922,23433.94922,510300
28-03-2025,23519.34961,23649.19922,23450.19922,23600.40039,295400
01-04-2025,23165.69922,23565.15039,23136.40039,23341.09961,314300
02-04-2025,23332.34961,23350,23158.44922,23192.59961,341000
03-04-2025,23250.09961,23306.5,23145.80078,23150.30078,283200
04-04-2025,22904.44922,23214.69922,22857.44922,23190.40039,466800
07-04-2025,22161.59961,22254,21743.65039,21758.40039,647100
08-04-2025,22535.84961,22697.19922,22270.84961,22446.75,468300
09-04-2025,22399.15039,22468.69922,22353.25,22460.30078,383800
11-04-2025,22828.55078,22923.90039,22695.40039,22695.40039,402200
15-04-2025,23328.55078,23368.34961,23207,23368.34961,388300
16-04-2025,23437.19922,23452.19922,23273.05078,23344.09961,348400
17-04-2025,23851.65039,23872.34961,23298.55078,23401.84961,505300
21-04-2025,24125.55078,24189.55078,23903.65039,23949.15039,406100
22-04-2025,24167.25,24242.59961,24072,24185.40039,440900
23-04-2025,24328.94922,24359.30078,24119.94922,24357.59961,415000
24-04-2025,24246.69922,24347.84961,24216.15039,24277.90039,358800
25-04-2025,24039.34961,24365.44922,23847.84961,24289,387700
28-04-2025,24328.5,24355.09961,24054.05078,24070.25,320500
29-04-2025,24335.94922,24457.65039,24290.75,24370.69922,357600
30-04-2025,24334.19922,24396.15039,24198.75,24342.05078,424500
02-05-2025,24346.69922,24589.15039,24238.5,24311.90039,421100
05-05-2025,24461.15039,24526.40039,24400.65039,24419.5,291500
06-05-2025,24379.59961,24509.65039,24331.80078,24500.75,302400
07-05-2025,24414.40039,24449.59961,24220,24233.30078,330100
08-05-2025,24273.80078,24447.25,24150.19922,24431.5,411400
09-05-2025,24008,24164.25,23935.75,23935.75,335600
12-05-2025,24924.69922,24944.80078,24378.84961,24420.09961,368700
13-05-2025,24578.34961,24973.80078,24547.5,24864.05078,423000
14-05-2025,24666.90039,24767.55078,24535.55078,24613.80078,345500
15-05-2025,25062.09961,25116.25,24494.44922,24694.44922,500800
16-05-2025,25019.80078,25070,24953.05078,25064.65039,432700
19-05-2025,24945.44922,25062.94922,24916.65039,25005.34961,255300
20-05-2025,24683.90039,25010.34961,24669.69922,24996.19922,414800
21-05-2025,24813.44922,24946.19922,24685.34961,24744.25,332700
22-05-2025,24609.69922,24737.5,24462.40039,24733.94922,403300
23-05-2025,24853.15039,24909.05078,24614.05078,24639.5,270500
26-05-2025,25001.15039,25079.19922,24900.5,24919.34961,302800
27-05-2025,24826.19922,25062.90039,24704.09961,24956.65039,525700
28-05-2025,24752.44922,24864.25,24737.05078,24832.5,684400
29-05-2025,24833.59961,24892.59961,24677.30078,24825.09961,345400
30-05-2025,24750.69922,24863.94922,24717.40039,24812.59961,853900
02-06-2025,24716.59961,24754.40039,24526.15039,24669.69922,311100
03-06-2025,24542.5,24845.09961,24502.15039,24786.30078,349300
04-06-2025,24620.19922,24644.25,24530.44922,24560.44922,280900
05-06-2025,24750.90039,24899.84961,24613.09961,24691.19922,388400
06-06-2025,25003.05078,25029.5,24671.44922,24748.69922,335600
09-06-2025,25103.19922,25160.09961,25077.15039,25160.09961,279200
10-06-2025,25104.25,25199.30078,25055.44922,25196.05078,307300
11-06-2025,25141.40039,25222.40039,25081.30078,25134.15039,301200
12-06-2025,24888.19922,25196.19922,24825.90039,25164.44922,328300
13-06-2025,24718.59961,24754.34961,24473,24473,318700
16-06-2025,24946.5,24967.09961,24703.59961,24732.34961,305800
17-06-2025,24853.40039,24982.05078,24813.69922,24977.84961,242400
18-06-2025,24812.05078,24947.55078,24750.44922,24788.34961,237600
19-06-2025,24793.25,24863.09961,24733.40039,24803.25,274600
20-06-2025,25112.40039,25136.19922,24783.65039,24787.65039,574700
23-06-2025,24971.90039,25057,24824.84961,24939.75,248500
24-06-2025,25044.34961,25317.69922,24999.69922,25179.90039,450200
25-06-2025,25244.75,25266.80078,25125.05078,25150.34961,260600
26-06-2025,25549,25565.30078,25259.90039,25268.94922,428900
27-06-2025,25637.80078,25654.19922,25523.55078,25576.65039,564000
30-06-2025,25517.05078,25669.34961,25473.30078,25661.65039,271000
01-07-2025,25541.80078,25593.40039,25501.80078,25551.34961,260700
02-07-2025,25453.40039,25608.09961,25378.75,25588.30078,309800
03-07-2025,25405.30078,25587.5,25384.34961,25505.09961,293400
04-07-2025,25461,25470.25,25331.65039,25428.84961,193500
07-07-2025,25461.30078,25489.80078,25407.25,25450.44922,196100
08-07-2025,25522.5,25548.05078,25424.15039,25427.84961,210400
09-07-2025,25476.09961,25548.69922,25424.34961,25514.59961,239100
10-07-2025,25355.25,25524.05078,25340.44922,25511.65039,219600
11-07-2025,25149.84961,25322.44922,25129,25255.5,250000
14-07-2025,25082.30078,25151.09961,25001.94922,25149.5,259500
15-07-2025,25195.80078,25245.19922,25088.44922,25089.5,241300
16-07-2025,25212.05078,25255.30078,25121.05078,25196.59961,228800
17-07-2025,25111.44922,25238.34961,25101,25230.75,243400
18-07-2025,24968.40039,25144.59961,24918.65039,25108.55078,317000
21-07-2025,25090.69922,25111.40039,24882.30078,24999,305200
22-07-2025,25060.90039,25182,25035.55078,25166.65039,483700
23-07-2025,25219.90039,25233.5,25085.5,25139.34961,271500
24-07-2025,25062.09961,25246.25,25018.69922,25243.30078,338700
25-07-2025,24837,25010.34961,24806.34961,25010.34961,278100
28-07-2025,24680.90039,24889.19922,24646.59961,24782.44922,262100
29-07-2025,24821.09961,24847.15039,24598.59961,24609.65039,284700
30-07-2025,24855.05078,24902.30078,24771.94922,24890.40039,243900
31-07-2025,24768.34961,24956.5,24635,24642.25,346300
01-08-2025,24565.34961,24784.15039,24535.05078,24734.90039,263400
04-08-2025,24722.75,24736.25,24554,24596.05078,259300
05-08-2025,24649.55078,24733.09961,24590.30078,24720.25,251800
06-08-2025,24574.19922,24671.40039,24539.19922,24641.34961,225100
07-08-2025,24596.15039,24634.19922,24344.15039,24464.19922,616700
08-08-2025,24363.30078,24585.5,24337.5,24544.25,312600
11-08-2025,24585.05078,24600.84961,24347.44922,24371.5,241100
12-08-2025,24487.40039,24702.59961,24465.65039,24563.34961,237000
13-08-2025,24619.34961,24664.55078,24535.25,24586.19922,236000
14-08-2025,24631.30078,24673.65039,24596.90039,24607.25,270200
18-08-2025,24876.94922,25022,24852.84961,24938.19922,363100
19-08-2025,24980.65039,25012.65039,24873.94922,24891.34961,252300
20-08-2025,25050.55078,25088.69922,24929.69922,24965.80078,287100
21-08-2025,25083.75,25153.65039,25054.90039,25142,226500
22-08-2025,24870.09961,25084.84961,24859.15039,25064.15039,210200
25-08-2025,24967.75,25021.55078,24894.34961,24949.15039,213000
26-08-2025,24712.05078,24919.65039,24689.59961,24899.5,750500
28-08-2025,24500.90039,24702.65039,24481.59961,24695.80078,326600
29-08-2025,24426.84961,24572.44922,24404.69922,24466.69922,325500
01-09-2025,24625.05078,24635.59961,24432.69922,24432.69922,229300
02-09-2025,24579.59961,24756.09961,24522.34961,24653,271600
03-09-2025,24715.05078,24737.05078,24533.19922,24616.5,340300
04-09-2025,24734.30078,24980.75,24708.19922,24980.75,314100
05-09-2025,24741,24832.34961,24621.59961,24818.84961,210100
08-09-2025,24773.15039,24885.5,24751.55078,24802.59961,213200
09-09-2025,24868.59961,24891.80078,24814,24864.09961,226900
10-09-2025,24973.09961,25035.69922,24915.05078,24991,244100
11-09-2025,25005.5,25037.30078,24940.15039,24945.5,224600
12-09-2025,25114,25139.44922,25038.05078,25074.44922,225700
15-09-2025,25069.19922,25138.44922,25048.75,25118.90039,185400
16-09-2025,25239.09961,25261.40039,25070.44922,25073.59961,240100
17-09-2025,25330.25,25346.5,25275.34961,25276.59961,268900
18-09-2025,25423.59961,25448.94922,25329.75,25441.05078,272200
19-09-2025,25327.05078,25428.75,25286.30078,25410.19922,380400
22-09-2025,25202.34961,25331.69922,25151.05078,25238.09961,254500
23-09-2025,25169.5,25261.90039,25084.65039,25209,299200
24-09-2025,25056.90039,25149.84961,25027.44922,25108.75,244400
25-09-2025,24890.84961,25092.69922,24878.30078,25034.5,342500
26-09-2025,24654.69922,24868.59961,24629.44922,24818.55078,291500
29-09-2025,24634.90039,24791.30078,24606.19922,24728.55078,394400
30-09-2025,24611.09961,24731.80078,24587.69922,24691.94922,303000
01-10-2025,24836.30078,24867.94922,24605.94922,24620.55078,308900
03-10-2025,24894.25,24904.80078,24747.55078,24759.55078,365900
06-10-2025,25077.65039,25095.94922,24881.65039,24916.55078,268800
07-10-2025,25108.30078,25220.90039,25076.30078,25085.30078,288000
08-10-2025,25046.15039,25192.5,25008.5,25079.75,227400
09-10-2025,25181.80078,25199.25,25024.30078,25074.30078,286300
10-10-2025,25285.34961,25330.75,25156.84961,25167.65039,232900
13-10-2025,25227.34961,25267.30078,25152.30078,25177.30078,234300
14-10-2025,25145.5,25310.34961,25060.55078,25277.55078,292100
15-10-2025,25323.55078,25365.15039,25159.34961,25181.94922,289900
16-10-2025,25585.30078,25625.40039,25376.84961,25394.90039,372800
17-10-2025,25709.84961,25781.5,25508.59961,25546.84961,422100
20-10-2025,25843.15039,25926.19922,25788.5,25824.59961,301100
21-10-2025,25868.59961,25934.34961,25825.80078,25901.19922,42500
23-10-2025,25891.40039,26104.19922,25862.44922,26057.19922,448400
24-10-2025,25795.15039,25944.15039,25718.19922,25935.09961,284900
27-10-2025,25966.05078,26005.94922,25827,25843.19922,266300
28-10-2025,25936.19922,26041.69922,25810.05078,25939.94922,395200
29-10-2025,26053.90039,26097.84961,25960.30078,25982,321900
30-10-2025,25877.84961,26032.05078,25845.25,25984.40039,257400
31-10-2025,25722.09961,25953.75,25711.19922,25863.80078,334400
03-11-2025,25763.34961,25803.09961,25645.5,25696.84961,23300
04-11-2025,25597.65039,25787.40039,25578.40039,25744.75,305100
06-11-2025,25509.69922,25679.15039,25491.55078,25593.34961,371900
07-11-2025,25492.30078,25551.25,25318.44922,25433.80078,305600
10-11-2025,25574.34961,25653.44922,25503.5,25503.5,243600
11-11-2025,25694.94922,25715.80078,25449.25,25617,297700
12-11-2025,25875.80078,25934.55078,25781.15039,25834.30078,312600
13-11-2025,25879.15039,26010.69922,25808.40039,25906.09961,385200
14-11-2025,25910.05078,25940.19922,25740.80078,25767.90039,518900
17-11-2025,26013.44922,26024.19922,25906.34961,25948.19922,281800
18-11-2025,25910.05078,26029.84961,25876.5,26021.80078,280000
19-11-2025,26052.65039,26074.65039,25856.19922,25918.09961,250100
20-11-2025,26192.15039,26246.65039,26063.19922,26132.09961,240400
21-11-2025,26068.15039,26179.19922,26052.19922,26109.55078,235600
24-11-2025,25959.5,26142.80078,25912.15039,26122.80078,464700
25-11-2025,25884.80078,26032.59961,25857.5,25998.5,260500
26-11-2025,26205.30078,26215.15039,25842.94922,25842.94922,275300
27-11-2025,26215.55078,26310.44922,26141.90039,26261.25,240300
28-11-2025,26202.94922,26280.75,26172.40039,26237.44922,202500
01-12-2025,26175.75,26325.80078,26124.19922,26325.80078,213800
02-12-2025,26032.19922,26154.59961,25997.84961,26087.94922,254800
03-12-2025,25986,26066.44922,25891,26004.90039,265700
04-12-2025,26033.75,26098.25,25938.94922,25981.84961,248100
05-12-2025,26186.44922,26202.59961,25985.34961,25999.80078,249300
08-12-2025,25960.55078,26178.69922,25892.25,26159.80078,320700
09-12-2025,25839.65039,25923.65039,25728,25867.09961,276000
10-12-2025,25758,25947.65039,25734.55078,25864.05078,207900
11-12-2025,25898.55078,25922.80078,25693.25,25771.40039,206100
12-12-2025,26046.94922,26057.59961,25938.44922,25971.19922,216300
15-12-2025,26027.30078,26047.15039,25904.75,25930.05078,181600
16-12-2025,25860.09961,25980.75,25834.34961,25951.5,264400
17-12-2025,25818.55078,25929.15039,25770.34961,25902.40039,206500
18-12-2025,25815.55078,25902.34961,25726.30078,25764.69922,197600
19-12-2025,25966.40039,25993.34961,25880.44922,25911.5,382900
22-12-2025,26172.40039,26180.69922,26047.80078,26055.84961,253000
23-12-2025,26177.15039,26233.55078,26119.05078,26205.19922,216600
24-12-2025,26142.09961,26236.40039,26123,26170.65039,188800
26-12-2025,26042.30078,26144.19922,26008.59961,26121.25,142200
29-12-2025,25942.09961,26106.80078,25920.30078,26063.34961,234300
30-12-2025,25938.84961,25976.75,25878,25940.90039,396900
31-12-2025,26129.59961,26187.94922,25969,25971.05078,246300
01-01-2026,26146.55078,26197.55078,26113.40039,26173.30078,425600
02-01-2026,26328.55078,26340,26118.40039,26155.09961,357500
05-01-2026,26250.30078,26373.19922,26210.05078,26333.69922,338800
06-01-2026,26178.69922,26273.94922,26124.75,26189.69922,383000
07-01-2026,26140.75,26187.15039,26067.90039,26143.09961,338200
08-01-2026,25876.84961,26133.19922,25858.44922,26106.5,328500
09-01-2026,25683.30078,25940.59961,25623,25840.40039,348800
12-01-2026,25790.25,25813.15039,25473.40039,25669.05078,275800
13-01-2026,25732.30078,25899.80078,25603.30078,25897.34961,339500
14-01-2026,25665.59961,25791.75,25603.94922,25648.55078,393100
16-01-2026,25694.34961,25873.5,25662.40039,25696.05078,434000
19-01-2026,25585.5,25653.30078,25494.34961,25653.09961,443100
20-01-2026,25232.5,25585,25171.34961,25580.30078,409800
21-01-2026,25157.5,25300.94922,24919.80078,25141,395600
22-01-2026,25289.90039,25435.75,25168.5,25344.15039,486400
23-01-2026,25048.65039,25347.94922,25025.30078,25344.59961,393900
27-01-2026,25175.40039,25246.65039,24932.55078,25063.34961,618700
28-01-2026,25342.75,25372.09961,25187.65039,25258.84961,574900
29-01-2026,25418.90039,25458.15039,25159.80078,25345,582400
30-01-2026,25320.65039,25370.69922,25213.65039,25247.55078,508400
02-02-2026,25088.40039,25108.09961,24679.40039,24796.5,449200
03-02-2026,25727.55078,26341.19922,25641.30078,26308.05078,637300
04-02-2026,25776,25818.55078,25563.94922,25675.05078,429800
05-02-2026,25642.80078,25757.65039,25579.5,25755.90039,343800
06-02-2026,25693.69922,25703.94922,25491.90039,25605.80078,375500
09-02-2026,25867.30078,25922.25,25780.90039,25888.69922,359400
10-02-2026,25935.15039,25989.44922,25870.44922,25922.65039,460900
11-02-2026,25953.84961,26009.40039,25899.80078,25997.44922,331400
12-02-2026,25807.19922,25906.69922,25752.40039,25906.69922,419400
13-02-2026,25471.09961,25630.34961,25444.30078,25571.15039,453500
16-02-2026,25682.75,25697,25372.69922,25423.59961,275800
17-02-2026,25725.40039,25764.40039,25570.30078,25637.94922,344100
18-02-2026,25819.34961,25828.05078,25645.15039,25752.65039,310200
19-02-2026,25454.34961,25885.30078,25388.75,25873.34961,298200
20-02-2026,25571.25,25663.55078,25379.75,25406.55078,296600
23-02-2026,25713,25771.44922,25609.34961,25678.40039,313700
24-02-2026,25424.65039,25641.80078,25327.59961,25641.80078,439100
25-02-2026,25482.5,25652.59961,25428.19922,25512.59961,414200
26-02-2026,25496.55078,25572.94922,25400.94922,25556.30078,405200
27-02-2026,25178.65039,25476.40039,25141.30078,25459.84961,438900
02-03-2026,24865.69922,24989.34961,24603.5,24659.25,519200
04-03-2026,24480.5,24602.44922,24305.40039,24388.80078,599000
05-03-2026,24765.90039,24854.19922,24529.40039,24615.94922,504300
06-03-2026,24450.44922,24700.90039,24415.75,24656.40039,433400
09-03-2026,24028.05078,24078.15039,23697.80078,23868.05078,526900
10-03-2026,24261.59961,24303.80078,24079.94922,24280.80078,444300
11-03-2026,23866.84961,24299,23834.30078,24231.84961,407400
12-03-2026,23639.15039,23833.15039,23556.30078,23674.84961,501000
13-03-2026,23151.09961,23492.40039,23112,23462.5,519800
16-03-2026,23408.80078,23502,22955.25,23116.09961,540300
17-03-2026,23581.15039,23656.80078,23346.59961,23493.19922,458800
18-03-2026,23777.80078,23862.25,23618.44922,23632.90039,382900
19-03-2026,23002.15039,23378.69922,22930.34961,23197.75,550100
20-03-2026,23114.5,23345.15039,23067.59961,23110.15039,663300
23-03-2026,22512.65039,22851.69922,22471.25,22824.34961,550300
24-03-2026,22912.40039,23057.30078,22624.19922,22878.44922,538100
25-03-2026,23306.44922,23465.34961,23063.19922,23064.40039,505400
27-03-2026,22819.59961,23186.09961,22804.55078,23173.55078,612600
30-03-2026,22331.40039,22714.09961,22283.84961,22549.65039,698600
01-04-2026,22679.40039,22941.30078,22618.59961,22899,518000
02-04-2026,22713.09961,22782.30078,22182.55078,22383.40039,495100
06-04-2026,22968.25,22998.34961,22542.94922,22780.30078,426400
07-04-2026,23123.65039,23153.84961,22719.30078,22838.69922,477000
08-04-2026,23997.34961,24025.15039,23828.5,23855.15039,639300
09-04-2026,23775.09961,23990.75,23682.80078,23909.05078,466600
10-04-2026,24050.59961,24074.05078,23856.34961,23880.55078,481300
13-04-2026,23842.65039,23907.40039,23555.59961,23589.59961,488800
15-04-2026,24231.30078,24280.90039,24145.80078,24163.80078,460300
16-04-2026,24196.75,24400.94922,24102.80078,24385.19922,508000
17-04-2026,24353.55078,24371.90039,24096.05078,24165.90039,498600
20-04-2026,24364.84961,24480.65039,24241.25,24391.5,415900
21-04-2026,24576.59961,24601.69922,24354.90039,24374.55078,425800
22-04-2026,24378.09961,24515.94922,24352.90039,24470.84961,440500
23-04-2026,24173.05078,24310.19922,24134.80078,24202.34961,467500
24-04-2026,23897.94922,24206,23813.65039,24100.55078,438400
27-04-2026,24092.69922,24130.69922,23936.19922,23945.44922,430300
28-04-2026,23995.69922,24181.80078,23957.05078,24049.90039,554100
29-04-2026,24177.65039,24334.69922,24059.94922,24096.90039,531100
30-04-2026,23997.55078,24087.44922,23796.84961,23996.94922,505500
04-05-2026,24119.30078,24290.19922,24004.75,24063.55078,419100
05-05-2026,24032.80078,24081.69922,23882.05078,24052.59961,363300
06-05-2026,24330.94922,24356.5,23997.90039,24171,429200
07-05-2026,24326.65039,24482.09961,24284,24398.5,440600
08-05-2026,24176.15039,24253.80078,24126.65039,24233.65039,335900
11-05-2026,23815.84961,23997.44922,23799.09961,23970.09961,390100
12-05-2026,23379.55078,23757.55078,23348.40039,23722.59961,447500
13-05-2026,23412.59961,23582.94922,23262.55078,23362.44922,415400
14-05-2026,23689.59961,23777.19922,23426.55078,23530.25,428700
15-05-2026,23643.5,23839.30078,23610.30078,23731.40039,408900
18-05-2026,23649.94922,23695.65039,23317.09961,23482.19922,392000
19-05-2026,23618,23782.30078,23587.19922,23675.30078,442000
20-05-2026,23659,23690.90039,23397.30078,23457.25,344100
21-05-2026,23654.69922,23859.90039,23596.59961,23830.05078,348200
22-05-2026,23719.30078,23835.65039,23671,23671.19922,336100
25-05-2026,24031.69922,24054.44922,23922.84961,23940.25,351200
26-05-2026,23913.69922,24089.80078,23885.44922,24004.09961,387900
27-05-2026,23907.15039,23983.19922,23858.25,23880.34961,531600
29-05-2026,23547.75,24002.80078,23484.75,23902.15039,1198000
01-06-2026,23382.59961,23733.69922,23357.94922,23654.5,421700
02-06-2026,23483.55078,23556.94922,23229.15039,23229.15039,511900
03-06-2026,23405.59961,23459.65039,23151.5,23415.94922,450100
04-06-2026,23416.55078,23465.30078,23247.30078,23282.44922,412500
05-06-2026,23366.69922,23516.34961,23282.65039,23478.94922,366200
08-06-2026,23123,23267.30078,23070.15039,23080.69922,375700
09-06-2026,23242.09961,23279.40039,23104.44922,23259.05078,402600
10-06-2026,23214.94922,23425.34961,23184.59961,23233.94922,380000
11-06-2026,23161.59961,23327.44922,23072.05078,23104.40039,363000
12-06-2026,23622.90039,23645.34961,23313.90039,23412.55078,351900
15-06-2026,23853.90039,24011.40039,23817.80078,23984.84961,398900
16-06-2026,23989.15039,24002.59961,23888.19922,23923.90039,327300
17-06-2026,24085.69922,24108.19922,23969.69922,24044.5,352700
18-06-2026,24168,24189.25,24036.94922,24073.80078,340000
19-06-2026,24013.09961,24047.19922,23901.90039,23991.19922,447900
22-06-2026,24102.90039,24168.05078,24073.15039,24106.59961,252800
23-06-2026,23824.09961,24135.5,23784.94922,24071.30078,340100
24-06-2026,24021.65039,24090.05078,23789.25,23795.80078,395600
25-06-2026,24056,24261.59961,24039,24125.84961,448800
29-06-2026,23946.25,24120,23924.55078,24061.75,588500
30-06-2026,23865.75,24035.55078,23829.19922,24032.05078,449000
01-07-2026,24005.84961,24049.90039,23895.09961,23897.65039,352100
02-07-2026,24175.69922,24194.55078,24058.80078,24062.19922,372900
03-07-2026,24270.84961,24378.15039,24252.34961,24375.65039,326600
06-07-2026,24430.34961,24458.65039,24287.09961,24306.84961,329400
07-07-2026,24398.69922,24530.90039,24348.94922,24464.44922,412600
08-07-2026,23882.05078,24300,23805.19922,24259.55078,420500
09-07-2026,23962.80078,24134.69922,23925.69922,23928.94922,384800
10-07-2026,24206.90039,24228.44922,24120.34961,24124.69922,313100
13-07-2026,24211,24259.80078,24000.19922,24039.40039,322700
14-07-2026,24052.05078,24157.09961,24023.69922,24068,355800
